Customer_ID,Churn_Probability,Lifetime_Value,Recommended_Strategy,Region,Most_Frequent_Category
CUST_60UJGD,0.97,9999.76,VIP Treatment,North America,Electronics
CUST_EHXRPM,0.61,9999.2,VIP Treatment,South America,Sports
CUST_XRSCIE,0.68,9998.35,VIP Treatment,South America,Electronics
CUST_JIEUGX,0.72,9997.79,VIP Treatment,South America,Sports
CUST_O9KA9V,0.99,9994.9,VIP Treatment,South America,Sports
CUST_SCKZ86,0.58,9992.24,Discounts,South America,Electronics
CUST_JLA74Y,0.72,9991.39,VIP Treatment,Asia,Clothing
CUST_742TUO,0.89,9990.55,VIP Treatment,North America,Sports
CUST_X1EWL7,0.67,9989.87,VIP Treatment,South America,Home
CUST_VPRS2J,0.89,9988.45,VIP Treatment,Europe,Clothing
CUST_KZWXK6,0.7,9987.43,VIP Treatment,Europe,Home
CUST_UOSK65,0.73,9985.71,VIP Treatment,North America,Home
CUST_QADK2W,0.75,9985.47,VIP Treatment,North America,Clothing
CUST_DEUW4J,0.95,9984.85,VIP Treatment,Europe,Sports
CUST_0WUS62,0.63,9983.94,VIP Treatment,Europe,Home
CUST_2HZ2XE,0.83,9981.39,VIP Treatment,South America,Sports
CUST_EZIOC3,0.83,9979.68,VIP Treatment,Europe,Home
CUST_IGI8LL,0.78,9979.49,VIP Treatment,South America,Electronics
CUST_4VB1T5,0.59,9978.11,Discounts,North America,Home
CUST_8IU3IP,0.96,9977.46,VIP Treatment,Asia,Sports
CUST_LKCP4Y,1.0,9977.28,VIP Treatment,South America,Electronics
CUST_HT2QHG,0.7,9973.82,VIP Treatment,North America,Sports
CUST_LZXIV4,0.53,9973.42,Discounts,South America,Home
CUST_HENBF0,0.93,9968.12,VIP Treatment,North America,Home
CUST_8KB8ZQ,0.65,9967.11,VIP Treatment,South America,Home
CUST_3LBICH,0.68,9962.15,VIP Treatment,North America,Electronics
CUST_LNFFFH,0.64,9960.69,VIP Treatment,Asia,Electronics
CUST_6QHT77,0.94,9959.39,VIP Treatment,Asia,Clothing
CUST_T5ISZO,0.75,9958.64,VIP Treatment,Asia,Sports
CUST_B7J4FA,0.63,9956.25,VIP Treatment,Asia,Sports
CUST_G3B690,0.83,9955.37,VIP Treatment,North America,Sports
CUST_ATJCF7,0.76,9951.01,VIP Treatment,South America,Clothing
CUST_Z7OE2D,0.67,9947.19,VIP Treatment,South America,Clothing
CUST_LV4LLP,0.76,9944.46,VIP Treatment,Asia,Electronics
CUST_DPPBLW,0.63,9940.54,VIP Treatment,Europe,Home
CUST_RIOS1B,0.75,9939.87,VIP Treatment,North America,Electronics
CUST_75A5U5,0.76,9938.6,VIP Treatment,Asia,Electronics
CUST_IXNKYJ,0.81,9937.71,VIP Treatment,Europe,Sports
CUST_CSZUX1,0.68,9935.23,VIP Treatment,Asia,Home
CUST_3SGWAY,0.61,9935.19,VIP Treatment,Asia,Clothing
CUST_JA1X8U,0.88,9933.03,VIP Treatment,Asia,Home
CUST_UHPUYZ,0.9,9931.14,VIP Treatment,North America,Clothing
CUST_ZFXX19,0.64,9921.33,VIP Treatment,Europe,Sports
CUST_CX01RS,0.53,9920.15,Discounts,Asia,Electronics
CUST_ZK7673,0.56,9917.38,Discounts,South America,Clothing
CUST_NKLXJF,0.74,9916.63,VIP Treatment,Asia,Sports
CUST_1CU75Z,0.62,9914.8,VIP Treatment,Asia,Electronics
CUST_XNDMXR,0.83,9912.8,VIP Treatment,North America,Home
CUST_YVI8EY,0.94,9911.39,VIP Treatment,Europe,Clothing
CUST_SM6TFW,0.52,9910.9,Discounts,South America,Home
CUST_T0M179,0.88,9909.88,VIP Treatment,South America,Home
CUST_9I1X23,0.75,9909.21,VIP Treatment,South America,Sports
CUST_TS2FNM,0.91,9897.89,VIP Treatment,Europe,Clothing
CUST_SD99UH,0.8,9895.49,VIP Treatment,South America,Clothing
CUST_VY51HG,0.79,9894.92,VIP Treatment,South America,Electronics
CUST_R3RAZB,0.72,9894.55,VIP Treatment,Asia,Electronics
CUST_LHY1H8,0.53,9886.64,Discounts,Europe,Clothing
CUST_DV4FNK,0.71,9886.55,VIP Treatment,South America,Sports
CUST_WI1RBZ,0.82,9886.53,VIP Treatment,Europe,Clothing
CUST_0ZY8PR,0.64,9885.8,VIP Treatment,Europe,Sports
CUST_X9RMGO,0.72,9885.34,VIP Treatment,South America,Clothing
CUST_5CMJNC,1.0,9884.14,VIP Treatment,North America,Clothing
CUST_PR2768,0.6,9883.88,VIP Treatment,Asia,Home
CUST_04AKD1,0.68,9882.26,VIP Treatment,Asia,Electronics
CUST_XZ2RQP,0.56,9878.37,Discounts,South America,Clothing
CUST_NYQG17,0.77,9877.4,VIP Treatment,North America,Electronics
CUST_H1MU7Q,0.98,9876.27,VIP Treatment,South America,Clothing
CUST_58CETQ,0.97,9875.82,VIP Treatment,Europe,Clothing
CUST_0M04JK,0.58,9873.59,Discounts,South America,Clothing
CUST_PDHTCK,0.84,9873.05,VIP Treatment,Europe,Electronics
CUST_SNSMSZ,0.85,9871.97,VIP Treatment,North America,Home
CUST_P2ZJHO,0.91,9867.02,VIP Treatment,North America,Sports
CUST_BD5K0T,0.84,9866.25,VIP Treatment,Europe,Electronics
CUST_V3YFA4,0.94,9865.56,VIP Treatment,Asia,Electronics
CUST_KRE5MZ,0.7,9865.46,VIP Treatment,Europe,Home
CUST_8I3MMV,0.54,9865.04,Discounts,North America,Home
CUST_AU7Y96,0.53,9864.34,Discounts,North America,Electronics
CUST_PUJEYU,0.55,9862.37,Discounts,Asia,Home
CUST_YH6OQR,0.87,9860.35,VIP Treatment,South America,Home
CUST_B4ZCM6,0.8,9856.4,VIP Treatment,Asia,Clothing
CUST_VKLEKB,0.84,9852.34,VIP Treatment,South America,Electronics
CUST_CJJI6E,0.74,9849.9,VIP Treatment,South America,Home
CUST_B5HMQX,0.53,9842.42,Discounts,South America,Electronics
CUST_7XZGSU,0.78,9841.44,VIP Treatment,South America,Electronics
CUST_1MRWE5,0.54,9834.87,Discounts,Asia,Electronics
CUST_SOHVT2,0.89,9833.45,VIP Treatment,North America,Sports
CUST_22L4MN,0.6,9832.04,VIP Treatment,Asia,Home
CUST_GZO3AZ,0.66,9828.5,VIP Treatment,Europe,Electronics
CUST_PWNZM7,0.59,9827.54,Discounts,North America,Sports
CUST_RVRXEC,0.76,9823.22,VIP Treatment,North America,Sports
CUST_KU3BJ7,0.68,9822.1,VIP Treatment,North America,Sports
CUST_YYUGDY,0.79,9821.4,VIP Treatment,South America,Sports
CUST_89HAOC,0.92,9816.19,VIP Treatment,Asia,Electronics
CUST_UL7A4C,0.95,9813.07,VIP Treatment,Europe,Electronics
CUST_BD01VH,0.97,9812.93,VIP Treatment,North America,Sports
CUST_IPJIZD,0.97,9812.35,VIP Treatment,Asia,Electronics
CUST_RAZ8JR,0.72,9810.11,VIP Treatment,Asia,Sports
CUST_1GHDAR,0.98,9803.78,VIP Treatment,Asia,Clothing
CUST_IKI1Z8,0.97,9798.34,VIP Treatment,Europe,Electronics
CUST_IK5WKL,0.62,9794.14,VIP Treatment,South America,Electronics
CUST_PE88A7,0.54,9793.48,Discounts,Asia,Home
CUST_W8IZWM,0.53,9792.55,Discounts,North America,Electronics
CUST_M8NSE5,0.98,9792.49,VIP Treatment,South America,Electronics
CUST_EZYCTJ,0.95,9791.4,VIP Treatment,Europe,Home
CUST_3HJW0O,0.61,9788.07,VIP Treatment,Europe,Electronics
CUST_GZGUZT,0.58,9787.27,Discounts,South America,Home
CUST_S8UWS3,0.78,9787.02,VIP Treatment,Europe,Clothing
CUST_ZEKI3K,0.79,9783.8,VIP Treatment,North America,Sports
CUST_44WU3H,0.99,9777.23,VIP Treatment,North America,Electronics
CUST_S8F59I,0.6,9776.55,VIP Treatment,Europe,Clothing
CUST_391IYR,0.88,9773.64,VIP Treatment,North America,Home
CUST_IJ8A5N,0.79,9773.32,VIP Treatment,Asia,Sports
CUST_M9UXE5,0.9,9773.02,VIP Treatment,Europe,Home
CUST_PAJ9ZV,0.54,9772.92,Discounts,Asia,Sports
CUST_5513OT,0.81,9767.68,VIP Treatment,North America,Home
CUST_KYG1H8,0.76,9765.99,VIP Treatment,Asia,Electronics
CUST_YN221K,0.72,9764.76,VIP Treatment,Europe,Electronics
CUST_BY1X8M,0.78,9764.67,VIP Treatment,North America,Sports
CUST_LGKX9M,0.7,9764.65,VIP Treatment,Europe,Clothing
CUST_RDD9XH,0.67,9762.4,VIP Treatment,Europe,Electronics
CUST_LD0MNF,0.96,9760.31,VIP Treatment,Asia,Home
CUST_BM5R2X,0.64,9759.2,VIP Treatment,North America,Sports
CUST_6E0NPW,0.55,9756.91,Discounts,Europe,Clothing
CUST_OFHZXG,0.88,9747.63,VIP Treatment,Asia,Sports
CUST_XAASGH,0.7,9745.68,VIP Treatment,Europe,Sports
CUST_X09NPB,0.7,9741.79,VIP Treatment,Europe,Clothing
CUST_U70B0X,0.76,9739.66,VIP Treatment,North America,Home
CUST_KVQRZG,0.76,9736.28,VIP Treatment,North America,Home
CUST_LA3ENH,0.69,9734.56,VIP Treatment,Asia,Electronics
CUST_QK15C0,0.92,9731.5,VIP Treatment,Europe,Electronics
CUST_HQ89PU,0.65,9730.65,VIP Treatment,Asia,Sports
CUST_4SFU7T,0.64,9727.03,VIP Treatment,Asia,Clothing
CUST_PG1ZKW,0.96,9726.54,VIP Treatment,North America,Sports
CUST_MYVXBR,0.85,9726.3,VIP Treatment,South America,Electronics
CUST_70VKD1,0.76,9725.68,VIP Treatment,South America,Clothing
CUST_J8HWCH,0.88,9724.72,VIP Treatment,Asia,Clothing
CUST_ZP553U,0.61,9723.76,VIP Treatment,Asia,Sports
CUST_UPVG03,0.62,9722.39,VIP Treatment,Asia,Sports
CUST_1U1AZN,0.62,9718.11,VIP Treatment,Europe,Sports
CUST_1U4EL3,0.7,9717.61,VIP Treatment,Asia,Home
CUST_63FM8S,0.7,9717.08,VIP Treatment,Asia,Sports
CUST_71X66G,0.97,9717.03,VIP Treatment,Europe,Home
CUST_UH7STY,0.85,9713.17,VIP Treatment,South America,Home
CUST_RMXBZM,0.76,9711.92,VIP Treatment,Asia,Clothing
CUST_3QEC3M,0.93,9711.91,VIP Treatment,South America,Home
CUST_ZZK28I,0.61,9710.32,VIP Treatment,Asia,Sports
CUST_MD1TF0,0.82,9709.29,VIP Treatment,North America,Electronics
CUST_0G52T7,0.81,9708.92,VIP Treatment,South America,Sports
CUST_F31WT9,0.66,9707.52,VIP Treatment,South America,Sports
CUST_XF28CC,0.79,9698.58,VIP Treatment,Europe,Sports
CUST_DXXIBD,0.73,9696.48,VIP Treatment,South America,Home
CUST_YYD8D8,0.8,9694.89,VIP Treatment,Asia,Home
CUST_Z0CVKV,0.83,9693.01,VIP Treatment,Asia,Home
CUST_IWNG6J,0.58,9690.78,Discounts,Europe,Clothing
CUST_8VW0YA,0.75,9688.88,VIP Treatment,Asia,Electronics
CUST_IU1UH8,0.95,9687.83,VIP Treatment,South America,Electronics
CUST_NOF90Q,0.72,9685.04,VIP Treatment,South America,Home
CUST_3EPJHQ,0.77,9684.68,VIP Treatment,South America,Sports
CUST_41NLAY,0.76,9680.16,VIP Treatment,South America,Sports
CUST_M5BVOO,0.71,9677.52,VIP Treatment,South America,Clothing
CUST_4AARW5,0.93,9676.79,VIP Treatment,Europe,Clothing
CUST_KSNIL6,0.88,9673.73,VIP Treatment,Asia,Sports
CUST_1J38LS,0.58,9669.1,Discounts,Europe,Clothing
CUST_MDY5GQ,0.81,9665.78,VIP Treatment,North America,Clothing
CUST_TP1TJR,0.89,9662.29,VIP Treatment,North America,Electronics
CUST_KX99NM,0.9,9661.67,VIP Treatment,Europe,Sports
CUST_7L4P65,0.97,9659.1,VIP Treatment,Europe,Home
CUST_9MUWXV,0.77,9658.28,VIP Treatment,North America,Home
CUST_HKSU1G,0.69,9657.0,VIP Treatment,South America,Clothing
CUST_RTFK5U,0.7,9653.42,VIP Treatment,Europe,Electronics
CUST_4XDTV4,0.99,9652.1,VIP Treatment,Europe,Home
CUST_V90KA5,0.72,9651.91,VIP Treatment,Asia,Electronics
CUST_DA50O6,0.77,9650.94,VIP Treatment,Asia,Clothing
CUST_RN56P2,0.86,9649.74,VIP Treatment,Asia,Sports
CUST_Q3ZEHF,0.91,9638.42,VIP Treatment,Asia,Sports
CUST_3QGU8V,0.76,9633.88,VIP Treatment,South America,Home
CUST_E8PFZQ,0.93,9633.01,VIP Treatment,Asia,Sports
CUST_H04U4N,0.66,9631.0,VIP Treatment,Asia,Home
CUST_E6FIZD,0.79,9630.67,VIP Treatment,South America,Sports
CUST_J1Y90B,0.68,9628.5,VIP Treatment,Europe,Home
CUST_AK11TA,0.88,9627.68,VIP Treatment,Asia,Electronics
CUST_D8OFIC,0.74,9624.87,VIP Treatment,Europe,Clothing
CUST_DECK55,0.55,9614.62,Discounts,Asia,Electronics
CUST_PDEK9O,0.86,9613.21,VIP Treatment,South America,Home
CUST_M5SSL8,0.9,9612.49,VIP Treatment,Europe,Clothing
CUST_HBYAK9,0.65,9611.2,VIP Treatment,Asia,Electronics
CUST_HU7TN8,0.93,9610.0,VIP Treatment,South America,Home
CUST_MRIKHS,0.98,9609.12,VIP Treatment,Europe,Sports
CUST_1X8X4P,0.84,9600.5,VIP Treatment,Asia,Home
CUST_K5O0H2,0.94,9600.3,VIP Treatment,Europe,Electronics
CUST_W6IAQU,0.72,9598.26,VIP Treatment,North America,Electronics
CUST_W7U5WN,0.86,9597.22,VIP Treatment,Asia,Sports
CUST_J2QXPH,0.69,9596.7,VIP Treatment,Asia,Electronics
CUST_K3UGVF,0.69,9589.03,VIP Treatment,Asia,Electronics
CUST_29LEQW,0.74,9587.23,VIP Treatment,Asia,Electronics
CUST_RK84L5,0.6,9572.09,VIP Treatment,Asia,Electronics
CUST_BDT148,0.88,9569.97,VIP Treatment,South America,Clothing
CUST_J7HCKP,0.75,9565.16,VIP Treatment,North America,Clothing
CUST_A3PDSR,0.65,9561.08,VIP Treatment,North America,Sports
CUST_KJ9A5O,0.73,9560.36,VIP Treatment,South America,Home
CUST_HWKVNS,0.94,9556.6,VIP Treatment,Asia,Home
CUST_S7LQCZ,0.91,9550.84,VIP Treatment,Asia,Home
CUST_9HRFEC,0.55,9550.5,Discounts,Asia,Clothing
CUST_DOS1OM,0.62,9546.18,VIP Treatment,Europe,Clothing
CUST_224AFB,0.65,9543.42,VIP Treatment,North America,Sports
CUST_R789BE,0.96,9542.33,VIP Treatment,Europe,Electronics
CUST_MO30UI,0.97,9540.37,VIP Treatment,North America,Sports
CUST_TX35E1,0.56,9533.97,Discounts,Asia,Home
CUST_EXIWCA,1.0,9532.66,VIP Treatment,North America,Electronics
CUST_3FPDUR,0.92,9527.68,VIP Treatment,South America,Sports
CUST_4TE1XJ,0.71,9525.26,VIP Treatment,Europe,Electronics
CUST_JQ5RPS,0.76,9524.09,VIP Treatment,South America,Clothing
CUST_4E8N57,0.98,9523.32,VIP Treatment,South America,Sports
CUST_RJHKE6,0.74,9522.32,VIP Treatment,Europe,Clothing
CUST_WCHAIT,0.83,9521.91,VIP Treatment,North America,Clothing
CUST_3YME2F,0.64,9520.74,VIP Treatment,Asia,Home
CUST_WXTLKF,0.67,9520.73,VIP Treatment,Asia,Sports
CUST_O7M13J,0.92,9519.95,VIP Treatment,South America,Home
CUST_CZR1HB,0.57,9517.54,Discounts,Europe,Home
CUST_VXKXVB,0.74,9516.82,VIP Treatment,Asia,Clothing
CUST_K6F2WP,0.68,9515.96,VIP Treatment,Europe,Home
CUST_SC6I89,0.72,9513.71,VIP Treatment,North America,Clothing
CUST_JPG7FZ,0.58,9513.31,Discounts,North America,Home
CUST_EWXKBP,0.69,9511.17,VIP Treatment,Asia,Clothing
CUST_5PHI6R,0.94,9508.4,VIP Treatment,Asia,Electronics
CUST_7DA664,0.59,9507.61,Discounts,Asia,Electronics
CUST_58V6M2,0.68,9506.86,VIP Treatment,North America,Electronics
CUST_OMDCVQ,0.67,9504.35,VIP Treatment,North America,Home
CUST_SR6VQQ,0.99,9501.14,VIP Treatment,South America,Clothing
CUST_UA1LS9,0.82,9499.14,VIP Treatment,Europe,Sports
CUST_0ZGV0F,0.6,9497.54,VIP Treatment,Europe,Clothing
CUST_MPP72X,0.58,9494.19,Discounts,North America,Sports
CUST_4TQZ0F,0.74,9491.49,VIP Treatment,South America,Clothing
CUST_FE6ZPL,0.97,9485.78,VIP Treatment,North America,Clothing
CUST_MNBXFG,0.99,9485.19,VIP Treatment,Asia,Sports
CUST_0WCPLE,0.61,9482.37,VIP Treatment,North America,Electronics
CUST_KNPZHK,0.65,9482.28,VIP Treatment,Asia,Home
CUST_3FGRSQ,0.63,9480.58,VIP Treatment,Asia,Electronics
CUST_PGGX93,0.69,9477.06,VIP Treatment,Asia,Home
CUST_HP9FIB,0.89,9471.58,VIP Treatment,South America,Electronics
CUST_UTJKR8,0.87,9468.55,VIP Treatment,Europe,Clothing
CUST_FC70Y2,0.75,9467.24,VIP Treatment,North America,Electronics
CUST_F435HP,0.72,9465.58,VIP Treatment,South America,Sports
CUST_LI4OTM,0.97,9462.3,VIP Treatment,Asia,Home
CUST_IVTC3Y,0.93,9459.96,VIP Treatment,North America,Electronics
CUST_L3GJZL,0.61,9459.01,VIP Treatment,Asia,Home
CUST_PIATVZ,0.85,9458.63,VIP Treatment,Asia,Sports
CUST_PC83U2,0.76,9454.07,VIP Treatment,Europe,Sports
CUST_0SJVFP,0.96,9452.48,VIP Treatment,South America,Home
CUST_X870UQ,0.97,9450.92,VIP Treatment,North America,Clothing
CUST_9I3KSV,0.95,9450.07,VIP Treatment,Europe,Electronics
CUST_HJULQA,0.56,9449.26,Discounts,Asia,Electronics
CUST_0ISZJA,0.84,9443.82,VIP Treatment,Asia,Electronics
CUST_ICW23K,0.78,9442.55,VIP Treatment,Europe,Clothing
CUST_2HMW7T,0.84,9442.07,VIP Treatment,Europe,Home
CUST_3FPNUY,0.87,9437.74,VIP Treatment,Asia,Clothing
CUST_G3BA8I,0.95,9437.55,VIP Treatment,South America,Clothing
CUST_74MHWN,0.7,9435.18,VIP Treatment,South America,Clothing
CUST_NUPGMC,0.81,9434.41,VIP Treatment,Asia,Sports
CUST_3E68HN,0.63,9431.82,VIP Treatment,Asia,Electronics
CUST_7X95SQ,0.78,9431.55,VIP Treatment,South America,Home
CUST_MP2LZ8,0.83,9429.52,VIP Treatment,South America,Home
CUST_ZJBV0N,0.7,9425.8,VIP Treatment,Europe,Electronics
CUST_RLULTX,0.59,9417.7,Discounts,North America,Sports
CUST_K764FK,0.71,9417.0,VIP Treatment,Asia,Home
CUST_WFI86N,0.73,9416.86,VIP Treatment,South America,Sports
CUST_KWLYA4,0.71,9416.49,VIP Treatment,Europe,Sports
CUST_0TUZCW,0.63,9412.41,VIP Treatment,South America,Home
CUST_CC0RHF,0.84,9404.63,VIP Treatment,Asia,Sports
CUST_ZJFP3F,0.96,9403.63,VIP Treatment,Asia,Clothing
CUST_SOM8P7,0.65,9403.01,VIP Treatment,Europe,Home
CUST_A0TPB8,0.99,9398.7,VIP Treatment,Asia,Electronics
CUST_ZID1WJ,0.83,9398.66,VIP Treatment,Europe,Sports
CUST_D6HA7K,0.78,9398.48,VIP Treatment,Asia,Sports
CUST_DPP7HR,0.58,9398.28,Discounts,South America,Sports
CUST_2U8B1Q,1.0,9398.25,VIP Treatment,South America,Sports
CUST_FX276G,0.73,9395.6,VIP Treatment,Asia,Electronics
CUST_3WHL7U,0.89,9390.68,VIP Treatment,South America,Sports
CUST_THS3X9,0.87,9390.68,VIP Treatment,Asia,Home
CUST_WHNAMI,0.65,9389.34,VIP Treatment,South America,Electronics
CUST_2A8PC3,0.6,9388.92,VIP Treatment,South America,Clothing
CUST_4IA9PZ,0.97,9388.8,VIP Treatment,South America,Sports
CUST_KGAHJE,0.8,9388.16,VIP Treatment,Asia,Electronics
CUST_UB5B7G,0.88,9385.64,VIP Treatment,North America,Electronics
CUST_U8SYRO,0.62,9380.7,VIP Treatment,Europe,Home
CUST_NZ7TYC,0.95,9379.66,VIP Treatment,South America,Clothing
CUST_U1KPQO,0.96,9378.38,VIP Treatment,South America,Electronics
CUST_VB1LR5,0.88,9375.38,VIP Treatment,Asia,Clothing
CUST_SWT9D4,0.88,9370.33,VIP Treatment,South America,Electronics
CUST_0BN42Y,0.77,9370.32,VIP Treatment,Asia,Sports
CUST_FK47DE,0.62,9365.19,VIP Treatment,Asia,Sports
CUST_JPSKEY,0.59,9363.42,Discounts,Asia,Home
CUST_Y2IWUI,0.84,9363.14,VIP Treatment,South America,Electronics
CUST_2EMLYK,0.75,9362.03,VIP Treatment,North America,Sports
CUST_5F0064,0.96,9361.19,VIP Treatment,Europe,Clothing
CUST_952NKM,0.78,9360.02,VIP Treatment,North America,Home
CUST_MMGBPQ,0.74,9357.44,VIP Treatment,Europe,Home
CUST_616MQ4,0.89,9353.31,VIP Treatment,North America,Home
CUST_Z1UDJ6,0.62,9351.32,VIP Treatment,South America,Home
CUST_67S266,0.88,9350.38,VIP Treatment,South America,Sports
CUST_YDTMCD,0.88,9348.07,VIP Treatment,Asia,Sports
CUST_U8F17V,0.84,9343.84,VIP Treatment,Europe,Clothing
CUST_JSFDVG,0.7,9340.42,VIP Treatment,Asia,Sports
CUST_Q0QUZV,0.98,9336.55,VIP Treatment,Asia,Electronics
CUST_X02AHX,0.99,9330.17,VIP Treatment,Europe,Electronics
CUST_O0SLE1,0.57,9328.75,Discounts,Europe,Sports
CUST_SM2M7Y,0.72,9325.87,VIP Treatment,Asia,Sports
CUST_RJ4GDX,0.93,9323.28,VIP Treatment,South America,Home
CUST_3LL7B9,0.82,9320.38,VIP Treatment,North America,Sports
CUST_EFYNBN,0.78,9319.84,VIP Treatment,North America,Electronics
CUST_CHAK1W,0.57,9318.21,Discounts,Europe,Electronics
CUST_ZR6IZN,0.63,9316.93,VIP Treatment,Asia,Home
CUST_PJDKQM,0.72,9316.77,VIP Treatment,Europe,Electronics
CUST_P1MTCL,0.74,9315.14,VIP Treatment,Asia,Clothing
CUST_HQWPVH,0.79,9309.17,VIP Treatment,Europe,Sports
CUST_WV2MUE,0.95,9306.81,VIP Treatment,Europe,Home
CUST_89QPKM,0.91,9305.25,VIP Treatment,South America,Clothing
CUST_1WWICM,0.94,9304.62,VIP Treatment,Europe,Sports
CUST_R3K54N,0.72,9300.81,VIP Treatment,Europe,Home
CUST_ZLNY0Y,0.84,9300.77,VIP Treatment,South America,Clothing
CUST_UGRM0Q,0.94,9298.36,VIP Treatment,North America,Home
CUST_RZGSCN,0.95,9297.59,VIP Treatment,Asia,Home
CUST_IZ126H,0.91,9297.5,VIP Treatment,Asia,Sports
CUST_EN7GZL,0.75,9295.2,VIP Treatment,Europe,Clothing
CUST_6BRCIH,0.95,9295.03,VIP Treatment,South America,Clothing
CUST_2E7L59,0.62,9289.69,VIP Treatment,South America,Electronics
CUST_8CXB36,0.71,9287.12,VIP Treatment,Asia,Sports
CUST_6JY684,0.8,9285.9,VIP Treatment,Europe,Clothing
CUST_CMDOTK,0.84,9283.42,VIP Treatment,South America,Sports
CUST_CJCBNM,0.66,9282.16,VIP Treatment,North America,Clothing
CUST_4TF5P2,0.82,9281.62,VIP Treatment,Europe,Home
CUST_XPQL4W,0.86,9279.84,VIP Treatment,Europe,Home
CUST_7AMPXU,0.9,9279.55,VIP Treatment,South America,Clothing
CUST_NCE8QH,0.79,9276.17,VIP Treatment,Europe,Clothing
CUST_YTHB17,0.81,9276.0,VIP Treatment,South America,Electronics
CUST_01PSBO,0.9,9268.13,VIP Treatment,South America,Clothing
CUST_KTJO26,0.96,9266.91,VIP Treatment,Europe,Clothing
CUST_C9RGIZ,0.9,9265.0,VIP Treatment,Europe,Home
CUST_AT0ZN8,0.83,9263.37,VIP Treatment,Asia,Clothing
CUST_D3LAQ0,0.96,9260.58,VIP Treatment,North America,Home
CUST_RF415D,0.63,9259.05,VIP Treatment,Asia,Clothing
CUST_L0V34A,0.73,9255.8,VIP Treatment,Europe,Clothing
CUST_MKD2V4,0.81,9249.79,VIP Treatment,South America,Clothing
CUST_5ES6RY,0.82,9246.67,VIP Treatment,Europe,Sports
CUST_8BJSGL,0.93,9243.64,VIP Treatment,Asia,Home
CUST_FVM278,0.89,9243.26,VIP Treatment,South America,Sports
CUST_X28O3U,0.76,9242.33,VIP Treatment,Europe,Home
CUST_2MBGUZ,0.97,9240.99,VIP Treatment,Asia,Home
CUST_19E0I2,0.7,9240.41,VIP Treatment,Asia,Clothing
CUST_3DH4FC,0.7,9230.43,VIP Treatment,Asia,Clothing
CUST_4EEBO0,0.7,9227.5,VIP Treatment,Europe,Clothing
CUST_HMY7O4,0.88,9226.09,VIP Treatment,Europe,Home
CUST_COL2K1,0.84,9224.09,VIP Treatment,Europe,Sports
CUST_Q6Q3Z1,0.58,9222.28,Discounts,Asia,Electronics
CUST_FWDNYN,0.79,9222.03,VIP Treatment,Asia,Clothing
CUST_E7FABX,0.9,9221.87,VIP Treatment,Europe,Electronics
CUST_PNKY4N,0.62,9219.25,VIP Treatment,North America,Clothing
CUST_KHSVSS,0.6,9218.12,VIP Treatment,South America,Electronics
CUST_1TEQXU,0.89,9217.19,VIP Treatment,Asia,Clothing
CUST_0IE3J4,0.85,9213.14,VIP Treatment,Asia,Home
CUST_C21E6Q,0.79,9211.32,VIP Treatment,Europe,Home
CUST_FTT73I,0.66,9210.12,VIP Treatment,South America,Sports
CUST_N4GTYJ,0.73,9209.78,VIP Treatment,South America,Clothing
CUST_Z6MNGY,0.86,9207.84,VIP Treatment,Asia,Clothing
CUST_JMJ2L4,0.81,9203.9,VIP Treatment,Asia,Sports
CUST_5KCDVZ,0.72,9202.9,VIP Treatment,Europe,Electronics
CUST_QFMBCN,0.67,9200.65,VIP Treatment,Europe,Electronics
CUST_VQ2CRW,0.8,9199.73,VIP Treatment,South America,Electronics
CUST_MZ4MMD,0.62,9198.84,VIP Treatment,Europe,Sports
CUST_T3XOS6,0.88,9197.43,VIP Treatment,South America,Sports
CUST_TTT502,0.93,9189.04,VIP Treatment,Asia,Clothing
CUST_33VZRQ,0.95,9186.08,VIP Treatment,Asia,Electronics
CUST_VNAFY0,0.64,9182.73,VIP Treatment,Europe,Electronics
CUST_BE4P84,0.74,9181.97,VIP Treatment,South America,Home
CUST_3E8CDE,0.72,9180.68,VIP Treatment,Europe,Electronics
CUST_K1PHYK,0.68,9175.58,VIP Treatment,Asia,Electronics
CUST_PWN4B0,0.6,9175.49,VIP Treatment,North America,Sports
CUST_WGMVGW,0.79,9174.43,VIP Treatment,Asia,Clothing
CUST_I61VYT,0.86,9174.35,VIP Treatment,South America,Clothing
CUST_CL0MP3,1.0,9171.46,VIP Treatment,North America,Clothing
CUST_OIGYN3,0.79,9168.34,VIP Treatment,Asia,Electronics
CUST_8MDNSR,0.84,9167.43,VIP Treatment,North America,Clothing
CUST_0QYAG6,0.8,9165.5,VIP Treatment,South America,Sports
CUST_1T3INE,0.81,9164.62,VIP Treatment,Asia,Clothing
CUST_IB30XV,0.96,9162.76,VIP Treatment,South America,Sports
CUST_J7WAS9,0.93,9161.42,VIP Treatment,North America,Clothing
CUST_AVNI66,0.76,9159.53,VIP Treatment,Asia,Clothing
CUST_YO6X6W,0.64,9157.61,VIP Treatment,North America,Home
CUST_HFLMUK,0.7,9156.7,VIP Treatment,South America,Clothing
CUST_VKQH9K,0.85,9154.88,VIP Treatment,Asia,Electronics
CUST_QYTH56,0.76,9151.55,VIP Treatment,South America,Electronics
CUST_O1TAKW,0.91,9149.21,VIP Treatment,South America,Electronics
CUST_YA2JH3,0.94,9149.2,VIP Treatment,North America,Electronics
CUST_QE3F3T,0.59,9148.96,Discounts,South America,Electronics
CUST_P3YPN3,0.9,9148.31,VIP Treatment,South America,Electronics
CUST_V71ZT8,0.82,9147.92,VIP Treatment,Europe,Home
CUST_CYKZZA,0.79,9144.57,VIP Treatment,Europe,Home
CUST_V1N3RX,0.7,9144.31,VIP Treatment,Asia,Home
CUST_AM7SRG,0.59,9141.66,Discounts,Asia,Sports
CUST_C4EMAU,0.65,9140.67,VIP Treatment,Europe,Electronics
CUST_JOKIBK,0.82,9136.92,VIP Treatment,North America,Home
CUST_J0MDFR,0.69,9134.87,VIP Treatment,South America,Home
CUST_5VW1BV,0.62,9132.33,VIP Treatment,Europe,Home
CUST_36EEN7,0.59,9127.33,Discounts,Asia,Electronics
CUST_S31UHN,0.89,9127.3,VIP Treatment,North America,Clothing
CUST_T8HJAB,0.94,9123.13,VIP Treatment,Europe,Home
CUST_EF86NY,0.99,9120.75,VIP Treatment,Europe,Sports
CUST_8OU4D6,0.96,9119.92,VIP Treatment,North America,Electronics
CUST_H6GK58,0.66,9111.85,VIP Treatment,Asia,Clothing
CUST_962UEK,0.94,9111.75,VIP Treatment,North America,Electronics
CUST_BM02DB,0.86,9110.58,VIP Treatment,South America,Home
CUST_HALQC9,0.92,9108.74,VIP Treatment,Asia,Home
CUST_V5TAFH,0.85,9106.12,VIP Treatment,Europe,Clothing
CUST_X7TM5R,0.6,9105.38,VIP Treatment,Asia,Sports
CUST_LDOBVW,0.94,9101.05,VIP Treatment,Asia,Electronics
CUST_JSHGOL,0.9,9091.93,VIP Treatment,North America,Sports
CUST_ZSXL4X,0.7,9087.3,VIP Treatment,South America,Clothing
CUST_2Y591G,0.72,9086.47,VIP Treatment,Europe,Home
CUST_4KJ0FB,0.84,9086.33,VIP Treatment,North America,Electronics
CUST_50NNKN,0.68,9085.0,VIP Treatment,Europe,Electronics
CUST_6C7IQ0,0.79,9084.91,VIP Treatment,Europe,Sports
CUST_XPND0L,0.6,9084.33,VIP Treatment,South America,Clothing
CUST_MHNRDU,0.7,9081.92,VIP Treatment,South America,Sports
CUST_RD8AL6,0.87,9080.71,VIP Treatment,Asia,Sports
CUST_LVPSG5,0.82,9080.22,VIP Treatment,Europe,Clothing
CUST_6R4HID,0.64,9076.85,VIP Treatment,Europe,Sports
CUST_HU9ZOF,0.61,9076.67,VIP Treatment,Europe,Home
CUST_XMN1K4,0.69,9075.39,VIP Treatment,Asia,Home
CUST_DCB05J,0.75,9071.72,VIP Treatment,Asia,Electronics
CUST_9TCGTB,0.63,9071.22,VIP Treatment,Asia,Clothing
CUST_VJHGRM,0.9,9068.43,VIP Treatment,North America,Electronics
CUST_1L2D6C,0.72,9067.62,VIP Treatment,South America,Sports
CUST_GF1UXT,0.94,9065.39,VIP Treatment,North America,Home
CUST_DVCMGC,0.63,9058.57,VIP Treatment,Europe,Home
CUST_SA2OII,0.82,9052.57,VIP Treatment,Europe,Sports
CUST_F1KW22,0.98,9052.05,VIP Treatment,Europe,Home
CUST_J6DSZM,0.66,9048.55,VIP Treatment,North America,Home
CUST_7J3XXY,0.73,9046.43,VIP Treatment,North America,Clothing
CUST_MEPPHV,0.93,9046.13,VIP Treatment,Asia,Home
CUST_2KJ3HF,0.98,9045.61,VIP Treatment,Asia,Clothing
CUST_6EZ1IZ,0.73,9045.51,VIP Treatment,Asia,Clothing
CUST_HX1O1E,0.77,9043.13,VIP Treatment,Europe,Sports
CUST_FZQ6IT,0.7,9041.15,VIP Treatment,North America,Clothing
CUST_QMJ3YW,0.99,9040.88,VIP Treatment,Asia,Sports
CUST_4PHQMY,0.9,9034.59,VIP Treatment,North America,Home
CUST_XDG9ET,0.73,9029.47,VIP Treatment,North America,Clothing
CUST_3CMLGC,0.95,9028.77,VIP Treatment,Asia,Home
CUST_YBLVOW,0.6,9028.59,VIP Treatment,Asia,Clothing
CUST_4QOQW2,0.6,9027.96,VIP Treatment,South America,Electronics
CUST_HVEERY,0.99,9026.55,VIP Treatment,South America,Home
CUST_1EDTHC,0.67,9024.36,VIP Treatment,Europe,Sports
CUST_VTLNG1,0.84,9024.16,VIP Treatment,North America,Home
CUST_IL0SMR,0.93,9017.95,VIP Treatment,North America,Sports
CUST_CTJVKC,0.61,9017.51,VIP Treatment,South America,Clothing
CUST_ZRDVG5,0.96,9015.75,VIP Treatment,North America,Electronics
CUST_JJ4CZQ,0.91,9014.6,VIP Treatment,Asia,Home
CUST_3DQVB6,0.94,9013.9,VIP Treatment,Asia,Clothing
CUST_TL9T1Y,0.82,9012.22,VIP Treatment,South America,Electronics
CUST_HF9PMS,0.64,9009.66,VIP Treatment,Asia,Clothing
CUST_NO8UKG,0.72,9008.38,VIP Treatment,Europe,Home
CUST_K6SNJ2,0.81,9007.73,VIP Treatment,South America,Sports
CUST_8Y4SDB,0.7,9002.66,VIP Treatment,North America,Electronics
CUST_3ZRNZ3,0.61,8999.77,VIP Treatment,Europe,Clothing
CUST_9Y63LU,0.94,8997.93,VIP Treatment,Europe,Home
CUST_5N4ZA0,0.92,8995.91,VIP Treatment,Europe,Electronics
CUST_BJSJPG,0.82,8994.19,VIP Treatment,Europe,Sports
CUST_TJH473,0.84,8990.15,VIP Treatment,Asia,Home
CUST_3OMVSE,0.69,8989.51,VIP Treatment,North America,Electronics
CUST_XQCFUC,0.8,8981.64,VIP Treatment,South America,Clothing
CUST_6HWH5W,0.67,8979.36,VIP Treatment,North America,Electronics
CUST_KCUAFW,0.73,8979.13,VIP Treatment,Asia,Electronics
CUST_V4JN9D,0.9,8978.87,VIP Treatment,Europe,Electronics
CUST_FHAKM2,0.84,8978.38,VIP Treatment,North America,Sports
CUST_XUAFJH,0.69,8974.45,VIP Treatment,North America,Home
CUST_HXG6H6,0.89,8973.47,VIP Treatment,North America,Electronics
CUST_63H3F6,0.67,8970.9,VIP Treatment,Europe,Sports
CUST_X4VYTZ,0.64,8964.8,VIP Treatment,South America,Home
CUST_45OV0E,0.92,8963.22,VIP Treatment,South America,Sports
CUST_ORNC1F,0.63,8958.59,VIP Treatment,Asia,Sports
CUST_BE63ZI,0.97,8957.15,VIP Treatment,North America,Home
CUST_45P8BM,0.98,8956.9,VIP Treatment,Europe,Home
CUST_APLPAC,0.62,8955.36,VIP Treatment,South America,Electronics
CUST_PJIVHB,0.61,8955.3,VIP Treatment,Asia,Clothing
CUST_XL4LJG,0.88,8949.62,VIP Treatment,Asia,Sports
CUST_E0VL8Z,0.84,8947.96,VIP Treatment,North America,Clothing
CUST_BAG85V,0.81,8945.4,VIP Treatment,Europe,Clothing
CUST_74KZMX,0.67,8944.47,VIP Treatment,North America,Home
CUST_HEQVH1,0.92,8943.42,VIP Treatment,Europe,Home
CUST_OR89IJ,0.97,8943.21,VIP Treatment,Asia,Clothing
CUST_S665HP,0.83,8942.35,VIP Treatment,Asia,Electronics
CUST_ZATVYZ,0.71,8939.51,VIP Treatment,Europe,Clothing
CUST_BUOCQH,0.68,8934.67,VIP Treatment,Asia,Sports
CUST_3V2TI9,0.89,8930.78,VIP Treatment,Asia,Clothing
CUST_P086XZ,0.98,8930.57,VIP Treatment,North America,Home
CUST_CWGJCL,0.87,8929.53,VIP Treatment,South America,Home
CUST_SAA1WU,0.64,8928.28,VIP Treatment,North America,Clothing
CUST_1W476D,0.95,8926.26,VIP Treatment,South America,Sports
CUST_CMKQWO,0.93,8925.41,VIP Treatment,Europe,Clothing
CUST_2FC486,1.0,8922.5,VIP Treatment,South America,Home
CUST_KQTZSU,0.66,8920.88,VIP Treatment,South America,Sports
CUST_C4E1JS,0.97,8920.6,VIP Treatment,Asia,Home
CUST_FWFIXU,0.91,8917.36,VIP Treatment,Asia,Clothing
CUST_36J1ZF,0.68,8915.35,VIP Treatment,Europe,Electronics
CUST_8QEAW2,0.89,8898.73,VIP Treatment,Asia,Clothing
CUST_2JKSZN,0.82,8893.01,VIP Treatment,Europe,Clothing
CUST_0K6ZH1,0.79,8889.61,VIP Treatment,Europe,Home
CUST_0YE5ND,0.91,8885.42,VIP Treatment,North America,Electronics
CUST_FD52AC,0.91,8884.0,VIP Treatment,Europe,Clothing
CUST_IGDGLP,0.68,8874.63,VIP Treatment,North America,Clothing
CUST_GIHAJA,0.75,8872.13,VIP Treatment,North America,Sports
CUST_ZNZ0NZ,0.87,8865.59,VIP Treatment,South America,Sports
CUST_2KXRK1,0.85,8861.16,VIP Treatment,Europe,Home
CUST_VXPCZA,0.75,8852.93,VIP Treatment,South America,Clothing
CUST_TXVZTA,0.94,8851.68,VIP Treatment,South America,Sports
CUST_URQXBU,1.0,8848.17,VIP Treatment,North America,Home
CUST_ODHE9T,0.65,8847.29,VIP Treatment,Asia,Electronics
CUST_G54LKI,0.95,8846.26,VIP Treatment,Asia,Electronics
CUST_LZX1UJ,0.78,8842.8,VIP Treatment,North America,Electronics
CUST_GF7YN5,0.81,8838.28,VIP Treatment,Europe,Clothing
CUST_VC9WYW,0.77,8835.91,VIP Treatment,Europe,Clothing
CUST_RTJZPW,0.99,8833.29,VIP Treatment,Asia,Clothing
CUST_TKL576,0.62,8828.6,VIP Treatment,Asia,Electronics
CUST_JZBAED,0.83,8826.72,VIP Treatment,Europe,Clothing
CUST_TNNT3A,0.91,8820.22,VIP Treatment,North America,Sports
CUST_RQGH8S,0.65,8814.39,VIP Treatment,Asia,Clothing
CUST_FPZNA5,0.83,8807.41,VIP Treatment,Europe,Sports
CUST_GKS2BO,0.65,8803.16,VIP Treatment,North America,Electronics
CUST_HOB0YK,0.74,8802.47,VIP Treatment,Europe,Sports
CUST_F2279T,0.9,8796.99,VIP Treatment,Europe,Clothing
CUST_L1Z992,0.93,8793.8,VIP Treatment,Europe,Home
CUST_RVOINA,0.85,8792.72,VIP Treatment,Europe,Home
CUST_TDZID6,0.72,8787.74,VIP Treatment,Europe,Electronics
CUST_AWZ946,0.95,8785.4,VIP Treatment,Europe,Sports
CUST_T0B1TM,0.99,8780.73,VIP Treatment,Asia,Clothing
CUST_Y95FNF,0.82,8780.48,VIP Treatment,South America,Clothing
CUST_NL0XXY,0.99,8778.49,VIP Treatment,Asia,Home
CUST_V11BJR,0.92,8778.13,VIP Treatment,Asia,Electronics
CUST_M13EW5,0.67,8777.67,VIP Treatment,South America,Electronics
CUST_F4OLF7,0.8,8777.25,VIP Treatment,Asia,Clothing
CUST_0ZBWCJ,0.84,8775.27,VIP Treatment,South America,Home
CUST_EKOJCW,0.9,8770.83,VIP Treatment,Europe,Electronics
CUST_7XMT0Q,0.76,8768.53,VIP Treatment,Europe,Sports
CUST_UALY6F,0.86,8768.36,VIP Treatment,North America,Clothing
CUST_4QOPS7,0.83,8768.05,VIP Treatment,South America,Sports
CUST_9ZQIBS,0.83,8766.1,VIP Treatment,Asia,Home
CUST_BLTNT8,0.95,8765.81,VIP Treatment,Europe,Sports
CUST_2UYE3W,0.74,8763.85,VIP Treatment,Europe,Sports
CUST_IW8147,0.88,8762.49,VIP Treatment,South America,Sports
CUST_OBFCJF,0.76,8760.13,VIP Treatment,North America,Sports
CUST_QO3HUI,0.88,8753.45,VIP Treatment,North America,Sports
CUST_OBJVTT,0.89,8750.34,VIP Treatment,South America,Sports
CUST_P5PXYW,0.75,8750.01,VIP Treatment,Europe,Clothing
CUST_OQ6CBD,0.72,8746.04,VIP Treatment,Asia,Home
CUST_7TKCQ0,0.74,8745.35,VIP Treatment,South America,Home
CUST_8XAVFA,0.81,8741.44,VIP Treatment,South America,Clothing
CUST_RSF4OV,0.68,8739.02,VIP Treatment,Europe,Clothing
CUST_S926S1,0.82,8738.12,VIP Treatment,North America,Sports
CUST_DJC6KV,0.89,8737.19,VIP Treatment,South America,Sports
CUST_R9M7U3,0.63,8734.18,VIP Treatment,Asia,Sports
CUST_8GHXXF,0.65,8733.48,VIP Treatment,North America,Electronics
CUST_GYUER5,0.99,8732.5,VIP Treatment,South America,Clothing
CUST_DCI91I,0.79,8728.59,VIP Treatment,Europe,Clothing
CUST_CP9S2B,0.98,8726.84,VIP Treatment,Asia,Clothing
CUST_MWJBFG,0.98,8716.64,VIP Treatment,South America,Electronics
CUST_ZJJ7JM,0.68,8716.06,VIP Treatment,Asia,Clothing
CUST_GPR1DG,0.66,8715.58,VIP Treatment,Asia,Sports
CUST_ROI52I,0.8,8713.75,VIP Treatment,North America,Clothing
CUST_6JCME2,0.76,8709.33,VIP Treatment,Europe,Home
CUST_PMXNMF,0.89,8708.41,VIP Treatment,Europe,Electronics
CUST_89KT6H,0.82,8706.32,VIP Treatment,North America,Clothing
CUST_KFN89Q,0.96,8702.47,VIP Treatment,Europe,Electronics
CUST_XL1V78,0.81,8702.23,VIP Treatment,Asia,Electronics
CUST_5O7VED,0.91,8701.87,VIP Treatment,North America,Electronics
CUST_4TR9DG,0.76,8699.38,VIP Treatment,Europe,Sports
CUST_V72GY0,0.98,8698.2,VIP Treatment,Asia,Home
CUST_6QR9T2,0.78,8697.9,VIP Treatment,South America,Electronics
CUST_8FLSTO,0.66,8691.72,VIP Treatment,South America,Sports
CUST_GLJOTK,0.65,8689.15,VIP Treatment,Asia,Home
CUST_HWV44I,0.84,8685.28,VIP Treatment,South America,Electronics
CUST_20UGQA,0.77,8683.52,VIP Treatment,Asia,Home
CUST_9V1NLL,0.9,8664.96,VIP Treatment,South America,Sports
CUST_4MITND,0.69,8652.69,VIP Treatment,South America,Electronics
CUST_2ADZ2Z,0.93,8651.86,VIP Treatment,North America,Electronics
CUST_7DSE0U,0.8,8649.1,VIP Treatment,Asia,Clothing
CUST_IPU2GM,0.8,8645.13,VIP Treatment,Asia,Home
CUST_JO1RX7,0.71,8643.62,VIP Treatment,Europe,Electronics
CUST_ZH2469,0.94,8634.41,VIP Treatment,Europe,Clothing
CUST_ATLS7W,0.83,8633.36,VIP Treatment,Europe,Electronics
CUST_CH22EN,0.94,8629.07,VIP Treatment,North America,Clothing
CUST_GO7ENQ,0.77,8619.93,VIP Treatment,North America,Home
CUST_9BTT4H,0.99,8617.82,VIP Treatment,South America,Home
CUST_2ZHPHI,0.8,8614.55,VIP Treatment,South America,Sports
CUST_QD8OLI,0.78,8608.56,VIP Treatment,Asia,Clothing
CUST_NIGAHM,0.75,8608.02,VIP Treatment,North America,Sports
CUST_CPY1R8,0.97,8600.3,VIP Treatment,North America,Home
CUST_GDAZ5V,0.71,8593.12,VIP Treatment,Europe,Electronics
CUST_7BHTHS,0.88,8591.11,VIP Treatment,South America,Sports
CUST_LOL2H4,0.68,8590.88,VIP Treatment,South America,Clothing
CUST_J596DU,0.73,8590.28,VIP Treatment,North America,Home
CUST_G5X09T,0.96,8588.97,VIP Treatment,North America,Clothing
CUST_YXN746,0.95,8588.78,VIP Treatment,Asia,Electronics
CUST_Y5AU7X,0.87,8585.53,VIP Treatment,South America,Home
CUST_WILC19,0.71,8581.84,VIP Treatment,North America,Home
CUST_Z5FJIV,0.95,8581.83,VIP Treatment,Asia,Clothing
CUST_W0CKR4,0.73,8581.76,VIP Treatment,North America,Electronics
CUST_M9V0KV,0.76,8571.41,VIP Treatment,South America,Home
CUST_9MZWN4,0.75,8567.6,VIP Treatment,Europe,Electronics
CUST_KQ94CT,0.94,8562.46,VIP Treatment,Asia,Electronics
CUST_7P2UHA,0.69,8562.38,VIP Treatment,Asia,Sports
CUST_3SF98Y,0.65,8559.14,VIP Treatment,North America,Clothing
CUST_8TOG5X,0.66,8558.36,VIP Treatment,Asia,Electronics
CUST_ICIRHQ,0.75,8548.37,VIP Treatment,North America,Clothing
CUST_9M949B,0.82,8546.25,VIP Treatment,Europe,Clothing
CUST_ET32QG,0.66,8542.06,VIP Treatment,North America,Home
CUST_YZ6QIT,0.87,8539.67,VIP Treatment,South America,Clothing
CUST_Y21NFL,0.86,8534.57,VIP Treatment,Asia,Clothing
CUST_NWLU1A,0.86,8524.08,VIP Treatment,North America,Electronics
CUST_IK8ON1,0.85,8518.46,VIP Treatment,Asia,Sports
CUST_ZQMCQT,0.69,8518.19,VIP Treatment,South America,Sports
CUST_CBM079,0.9,8515.2,VIP Treatment,North America,Home
CUST_OLDCKU,0.81,8509.76,VIP Treatment,North America,Home
CUST_MLSJ6H,0.96,8509.14,VIP Treatment,South America,Clothing
CUST_166IQF,0.87,8499.93,VIP Treatment,Asia,Sports
CUST_KRO2H6,0.82,8498.76,VIP Treatment,Europe,Clothing
CUST_V3VD8T,0.66,8486.45,VIP Treatment,Asia,Clothing
CUST_M79HBQ,0.76,8485.26,VIP Treatment,North America,Clothing
CUST_59LKML,0.95,8484.88,VIP Treatment,North America,Sports
CUST_KVXSOZ,0.88,8482.95,VIP Treatment,Europe,Sports
CUST_O3TXP5,0.82,8481.87,VIP Treatment,North America,Sports
CUST_CRJBG8,0.7,8476.65,VIP Treatment,Europe,Home
CUST_RCGKLI,0.77,8476.4,VIP Treatment,Asia,Clothing
CUST_W65KKL,0.96,8474.73,VIP Treatment,South America,Electronics
CUST_WIC77E,0.91,8474.4,VIP Treatment,North America,Home
CUST_FOHEDU,0.91,8465.78,VIP Treatment,North America,Home
CUST_OIYIES,0.98,8465.0,VIP Treatment,South America,Clothing
CUST_US5158,0.73,8463.2,VIP Treatment,North America,Home
CUST_NR3JMQ,0.84,8459.92,VIP Treatment,South America,Home
CUST_TBZGVR,0.91,8457.24,VIP Treatment,South America,Clothing
CUST_PQ9I3U,0.82,8456.28,VIP Treatment,South America,Electronics
CUST_OPSVL6,0.88,8454.68,VIP Treatment,South America,Clothing
CUST_QJE7OF,0.76,8446.81,VIP Treatment,South America,Sports
CUST_L19JN6,0.81,8440.29,VIP Treatment,North America,Clothing
CUST_59NU2J,0.74,8436.7,VIP Treatment,North America,Home
CUST_9BLDLM,0.87,8436.08,VIP Treatment,South America,Home
CUST_YEXR72,0.8,8435.42,VIP Treatment,South America,Sports
CUST_GUAALR,0.94,8431.35,VIP Treatment,Europe,Sports
CUST_LR4FH4,0.78,8427.8,VIP Treatment,Asia,Clothing
CUST_WA3F4N,0.86,8427.73,VIP Treatment,Asia,Clothing
CUST_CD3UUB,0.93,8419.61,VIP Treatment,Europe,Electronics
CUST_Y4CG8N,0.94,8419.1,VIP Treatment,Asia,Clothing
CUST_9B07QB,0.96,8415.45,VIP Treatment,Europe,Home
CUST_USPPCW,0.95,8411.42,VIP Treatment,South America,Clothing
CUST_145ORS,0.96,8408.62,VIP Treatment,Asia,Sports
CUST_K3IUGB,0.83,8407.57,VIP Treatment,Asia,Home
CUST_5RNJKD,0.83,8405.61,VIP Treatment,South America,Clothing
CUST_JPTYOH,0.86,8404.08,VIP Treatment,Asia,Electronics
CUST_18LP4M,0.78,8401.63,VIP Treatment,North America,Clothing
CUST_C68Z9C,0.76,8401.38,VIP Treatment,North America,Electronics
CUST_7P8NSW,0.99,8400.88,VIP Treatment,North America,Sports
CUST_31ZKUS,0.99,8399.95,VIP Treatment,Asia,Clothing
CUST_1GEAAI,0.67,8396.76,VIP Treatment,Asia,Sports
CUST_71YXXB,0.94,8393.09,VIP Treatment,North America,Home
CUST_T8SZ26,0.81,8390.52,VIP Treatment,Europe,Home
CUST_EDQLUZ,0.7,8387.74,VIP Treatment,Asia,Clothing
CUST_ELGRE6,0.81,8384.05,VIP Treatment,Asia,Sports
CUST_HTTHB6,0.69,8380.38,VIP Treatment,South America,Electronics
CUST_O6ICJ7,0.79,8380.29,VIP Treatment,Europe,Home
CUST_HCHI1I,0.9,8379.0,VIP Treatment,South America,Electronics
CUST_HIFFBY,0.94,8376.72,VIP Treatment,Europe,Home
CUST_U2XH48,0.74,8365.98,VIP Treatment,Asia,Electronics
CUST_UM6DSS,0.89,8365.77,VIP Treatment,Asia,Clothing
CUST_5XQN6J,0.68,8364.6,VIP Treatment,Europe,Clothing
CUST_D9IL7X,0.74,8363.59,VIP Treatment,North America,Sports
CUST_5QUBKH,0.76,8361.71,VIP Treatment,South America,Sports
CUST_ULVQS2,0.91,8360.72,VIP Treatment,South America,Sports
CUST_S5WNVH,0.79,8358.63,VIP Treatment,North America,Clothing
CUST_K922Z6,0.83,8356.27,VIP Treatment,South America,Clothing
CUST_IM6ZE0,0.79,8353.81,VIP Treatment,Asia,Sports
CUST_53KL0X,0.79,8348.47,VIP Treatment,North America,Clothing
CUST_B9TQ73,0.97,8345.59,VIP Treatment,South America,Clothing
CUST_KYN06Y,0.99,8344.9,VIP Treatment,Europe,Home
CUST_ZH5RCA,0.83,8344.34,VIP Treatment,South America,Sports
CUST_EEIGSU,0.68,8343.77,VIP Treatment,South America,Sports
CUST_P6XUKK,0.67,8343.36,VIP Treatment,North America,Electronics
CUST_REWU87,0.7,8340.91,VIP Treatment,Europe,Home
CUST_TD7F8Y,0.74,8340.35,VIP Treatment,Europe,Home
CUST_9OTQ1K,0.91,8337.5,VIP Treatment,Europe,Electronics
CUST_4OGN3W,0.75,8337.01,VIP Treatment,Asia,Clothing
CUST_6VGFOH,0.67,8335.37,VIP Treatment,North America,Home
CUST_RU9694,0.91,8335.06,VIP Treatment,South America,Home
CUST_YT2NR9,0.71,8333.59,VIP Treatment,Asia,Home
CUST_NV1E2A,0.97,8329.31,VIP Treatment,Asia,Home
CUST_DGRJVS,1.0,8327.55,VIP Treatment,North America,Sports
CUST_KDF6HH,0.91,8319.2,VIP Treatment,North America,Electronics
CUST_SVE8J7,0.68,8313.72,VIP Treatment,North America,Electronics
CUST_Z597UY,0.79,8302.36,VIP Treatment,North America,Home
CUST_81SKOU,0.76,8297.65,VIP Treatment,South America,Sports
CUST_9U3PHD,0.78,8296.91,VIP Treatment,North America,Sports
CUST_ZQIOVB,0.73,8296.02,VIP Treatment,North America,Clothing
CUST_5JEO7Z,0.7,8290.17,VIP Treatment,Europe,Clothing
CUST_XDE496,0.81,8287.52,VIP Treatment,North America,Home
CUST_WA76US,0.71,8281.21,VIP Treatment,South America,Clothing
CUST_IEIRZB,0.77,8279.93,VIP Treatment,South America,Electronics
CUST_Z008CA,0.7,8278.49,VIP Treatment,South America,Home
CUST_4GIQZY,0.72,8276.83,VIP Treatment,Europe,Clothing
CUST_BLWG8H,0.74,8265.62,VIP Treatment,South America,Home
CUST_7U1XC8,0.91,8261.3,VIP Treatment,Europe,Sports
CUST_JOKCJ4,0.94,8259.26,VIP Treatment,South America,Home
CUST_OW0FHZ,0.9,8255.55,VIP Treatment,South America,Home
CUST_7I4JXK,0.9,8241.23,VIP Treatment,North America,Sports
CUST_IQQ5A0,0.9,8234.75,VIP Treatment,Europe,Electronics
CUST_GK11J0,0.9,8233.78,VIP Treatment,Europe,Clothing
CUST_LACE0F,0.9,8227.99,VIP Treatment,Europe,Clothing
CUST_QI2L78,0.75,8227.74,VIP Treatment,North America,Electronics
CUST_D9OR2J,0.95,8220.45,VIP Treatment,North America,Clothing
CUST_MVC62T,0.77,8205.47,VIP Treatment,Asia,Clothing
CUST_N6XTUU,0.94,8204.27,VIP Treatment,Asia,Electronics
CUST_9TH5GC,0.81,8201.82,VIP Treatment,Asia,Sports
CUST_Y4PKGY,0.95,8196.97,VIP Treatment,Asia,Electronics
CUST_XFPC3V,0.8,8190.27,VIP Treatment,North America,Sports
CUST_AJNW25,0.74,8188.37,VIP Treatment,Asia,Clothing
CUST_KCA3OW,0.92,8184.43,VIP Treatment,Asia,Sports
CUST_PVCMFJ,0.78,8171.8,VIP Treatment,North America,Clothing
CUST_KI8BMP,0.79,8171.56,VIP Treatment,Europe,Electronics
CUST_HARC9S,0.9,8169.46,VIP Treatment,Asia,Clothing
CUST_LJSHDZ,0.83,8163.51,VIP Treatment,Europe,Clothing
CUST_S5X2JN,0.72,8160.8,VIP Treatment,Asia,Clothing
CUST_CJU9RP,0.8,8160.3,VIP Treatment,South America,Clothing
CUST_IEL7CY,0.78,8153.36,VIP Treatment,South America,Clothing
CUST_IPXHE7,0.8,8136.14,VIP Treatment,North America,Home
CUST_DUCQOA,0.79,8131.35,VIP Treatment,Europe,Clothing
CUST_QRSAFP,0.74,8125.33,VIP Treatment,North America,Sports
CUST_EZESVA,0.99,8123.21,VIP Treatment,North America,Electronics
CUST_QTV65I,0.86,8122.59,VIP Treatment,North America,Sports
CUST_J63VQ7,0.97,8121.0,VIP Treatment,Asia,Electronics
CUST_FQZ8NE,0.95,8114.74,VIP Treatment,North America,Clothing
CUST_1FA3B5,0.73,8112.6,VIP Treatment,Asia,Electronics
CUST_VT9QKX,0.95,8112.47,VIP Treatment,South America,Home
CUST_4VTTKX,0.81,8110.68,VIP Treatment,South America,Sports
CUST_S6S0T6,0.9,8101.1,VIP Treatment,Asia,Sports
CUST_XGXAAS,0.72,8100.7,VIP Treatment,Asia,Sports
CUST_DX8IY3,0.71,8099.0,VIP Treatment,Asia,Home
CUST_NRJ3XG,0.73,8095.88,VIP Treatment,Europe,Home
CUST_5FE6SL,0.94,8094.17,VIP Treatment,Asia,Home
CUST_S9E93H,0.91,8094.14,VIP Treatment,North America,Electronics
CUST_IDIWUU,0.7,8093.23,VIP Treatment,Asia,Home
CUST_KUWGHB,0.85,8089.56,VIP Treatment,South America,Clothing
CUST_2DM8JS,0.84,8086.66,VIP Treatment,South America,Sports
CUST_6DQPYI,0.94,8077.75,VIP Treatment,Asia,Sports
CUST_AGFEL9,0.81,8076.53,VIP Treatment,South America,Home
CUST_3RDU7U,0.7,8074.74,VIP Treatment,South America,Electronics
CUST_31DH8I,0.73,8073.1,VIP Treatment,South America,Clothing
CUST_6806GR,0.93,8069.16,VIP Treatment,North America,Clothing
CUST_NYEWU4,0.7,8067.7,VIP Treatment,Europe,Clothing
CUST_W6C054,0.98,8067.49,VIP Treatment,South America,Electronics
CUST_H0X9BM,0.95,8065.12,VIP Treatment,Europe,Clothing
CUST_BEH31N,0.71,8064.3,VIP Treatment,North America,Clothing
CUST_02I4U0,0.73,8063.11,VIP Treatment,North America,Home
CUST_38VDGZ,0.99,8058.44,VIP Treatment,South America,Clothing
CUST_O3JAZA,0.72,8055.29,VIP Treatment,Europe,Clothing
CUST_2Y9387,0.79,8053.46,VIP Treatment,South America,Electronics
CUST_A9HNRK,0.72,8045.55,VIP Treatment,South America,Electronics
CUST_L5A6Z0,0.72,8042.46,VIP Treatment,Europe,Home
CUST_YDYNVO,0.71,8037.14,VIP Treatment,North America,Home
CUST_GFJ0NT,0.89,8035.51,VIP Treatment,South America,Electronics
CUST_3BTWVP,0.97,8035.28,VIP Treatment,Europe,Clothing
CUST_AHYDIZ,0.79,8034.43,VIP Treatment,Asia,Home
CUST_8249ZL,0.99,8032.75,VIP Treatment,Europe,Electronics
CUST_CC8STD,0.83,8026.54,VIP Treatment,Europe,Home
CUST_2LV3SC,0.83,8022.85,VIP Treatment,Europe,Clothing
CUST_R2ZD37,0.94,8022.24,VIP Treatment,North America,Electronics
CUST_0HRXV8,0.85,8020.1,VIP Treatment,North America,Home
CUST_AWIQBF,0.95,8019.73,VIP Treatment,North America,Home
CUST_EPSZAK,0.92,8018.71,VIP Treatment,Asia,Sports
CUST_6QM3GS,0.75,8017.54,VIP Treatment,Asia,Electronics
CUST_SPYINW,0.91,8013.85,VIP Treatment,South America,Clothing
CUST_ME3FVQ,0.98,8010.5,VIP Treatment,North America,Electronics
CUST_V6UNQL,0.99,8005.42,VIP Treatment,Europe,Home
CUST_FO4201,0.84,8005.19,VIP Treatment,Asia,Sports
CUST_2CWMON,0.91,8004.77,VIP Treatment,South America,Clothing
CUST_5U4EG3,0.99,8002.19,VIP Treatment,Asia,Sports
CUST_2LMBNM,0.94,8001.23,VIP Treatment,North America,Clothing
CUST_9YJMJB,0.78,7992.36,VIP Treatment,North America,Home
CUST_95DU2C,0.8,7991.59,VIP Treatment,Asia,Clothing
CUST_WY6I52,0.95,7985.19,VIP Treatment,North America,Electronics
CUST_1OAHCU,0.95,7983.71,VIP Treatment,Europe,Home
CUST_L9CAJE,0.84,7974.28,VIP Treatment,Europe,Sports
CUST_14RRQD,0.79,7973.6,VIP Treatment,South America,Clothing
CUST_6B2T0Q,0.88,7966.44,VIP Treatment,North America,Clothing
CUST_Q4EYYA,0.74,7964.76,VIP Treatment,North America,Sports
CUST_C5UC96,0.96,7963.75,VIP Treatment,North America,Home
CUST_KQJRO3,0.78,7952.56,VIP Treatment,South America,Clothing
CUST_D7DIU7,0.84,7942.97,VIP Treatment,Asia,Home
CUST_VMVCL3,0.9,7936.25,VIP Treatment,North America,Home
CUST_6OX7CH,0.76,7935.45,VIP Treatment,Europe,Home
CUST_90KML1,0.92,7927.88,VIP Treatment,Asia,Home
CUST_0LPFWE,0.91,7927.83,VIP Treatment,Asia,Clothing
CUST_UR76M3,0.93,7923.89,VIP Treatment,South America,Sports
CUST_O4DNV1,0.99,7921.42,VIP Treatment,North America,Electronics
CUST_OPB20O,0.93,7921.01,VIP Treatment,South America,Clothing
CUST_70D10Q,0.72,7920.87,VIP Treatment,North America,Home
CUST_XRK8GW,0.86,7919.52,VIP Treatment,Asia,Home
CUST_XYK51A,0.76,7917.01,VIP Treatment,North America,Home
CUST_DQZR4X,0.87,7916.51,VIP Treatment,Europe,Electronics
CUST_OMH4TN,0.93,7915.02,VIP Treatment,Asia,Home
CUST_LX5114,0.91,7914.4,VIP Treatment,Asia,Clothing
CUST_EBZ990,1.0,7909.31,VIP Treatment,Europe,Electronics
CUST_452IH6,0.75,7908.62,VIP Treatment,North America,Electronics
CUST_HR6BHR,0.89,7903.91,VIP Treatment,South America,Clothing
CUST_Q4J6JQ,0.81,7899.26,VIP Treatment,North America,Sports
CUST_04DSG3,0.73,7898.68,VIP Treatment,Europe,Electronics
CUST_8QD6QW,0.89,7897.75,VIP Treatment,North America,Clothing
CUST_XXOCAT,0.94,7897.13,VIP Treatment,South America,Home
CUST_JWLCA2,0.93,7894.98,VIP Treatment,Europe,Electronics
CUST_L0UR3M,0.87,7889.52,VIP Treatment,North America,Sports
CUST_JISDI8,0.78,7881.59,VIP Treatment,Europe,Clothing
CUST_19DQFQ,1.0,7880.8,VIP Treatment,North America,Clothing
CUST_4CKQFB,0.79,7873.42,VIP Treatment,North America,Home
CUST_4KRL8M,0.76,7871.43,VIP Treatment,North America,Home
CUST_PKRYSK,0.98,7869.37,VIP Treatment,Europe,Clothing
CUST_PAJRNB,0.92,7867.21,VIP Treatment,South America,Sports
CUST_77B8MG,0.8,7866.47,VIP Treatment,South America,Home
CUST_HYV6ZX,0.88,7863.12,VIP Treatment,South America,Electronics
CUST_PVQMTI,0.84,7854.38,VIP Treatment,North America,Clothing
CUST_HLQ4E3,0.89,7854.03,VIP Treatment,Asia,Home
CUST_JV991N,0.76,7853.62,VIP Treatment,North America,Home
CUST_HUYOO5,0.77,7853.08,VIP Treatment,South America,Clothing
CUST_3OX5X9,0.97,7845.31,VIP Treatment,Asia,Clothing
CUST_WGPDV3,0.95,7843.82,VIP Treatment,Europe,Sports
CUST_LGBX84,0.74,7834.83,VIP Treatment,North America,Electronics
CUST_0RBRHQ,0.99,7829.64,VIP Treatment,Asia,Sports
CUST_XYFJ6U,0.89,7828.53,VIP Treatment,Asia,Clothing
CUST_JH46GV,0.83,7826.01,VIP Treatment,South America,Home
CUST_DF07OT,0.86,7825.97,VIP Treatment,Europe,Home
CUST_EGRRL0,0.97,7815.46,VIP Treatment,Asia,Home
CUST_YQHZ9L,0.73,7813.02,VIP Treatment,Europe,Home
CUST_0O529J,0.99,7812.41,VIP Treatment,South America,Home
CUST_VTP0HG,0.76,7805.85,VIP Treatment,North America,Home
CUST_AI1WKG,0.93,7803.88,VIP Treatment,South America,Clothing
CUST_GX50T8,0.74,7801.91,VIP Treatment,South America,Clothing
CUST_CEHHZT,0.78,7797.76,VIP Treatment,South America,Electronics
CUST_W8TY9O,0.9,7789.92,VIP Treatment,Europe,Electronics
CUST_OFIW8Z,0.9,7788.53,VIP Treatment,Europe,Sports
CUST_6CRL89,0.99,7785.08,VIP Treatment,North America,Clothing
CUST_4FRN3I,0.87,7780.65,VIP Treatment,Asia,Sports
CUST_FX9MWM,0.92,7762.34,VIP Treatment,Asia,Clothing
CUST_62SSDP,0.81,7757.53,VIP Treatment,Asia,Electronics
CUST_PXYEY9,0.74,7756.01,VIP Treatment,North America,Home
CUST_A330ZA,0.76,7747.15,VIP Treatment,North America,Electronics
CUST_9IUKD9,0.97,7741.86,VIP Treatment,Europe,Sports
CUST_EPHB2H,0.89,7729.33,VIP Treatment,South America,Sports
CUST_G2NX0E,0.93,7721.86,VIP Treatment,North America,Sports
CUST_OQXQWT,0.84,7720.43,VIP Treatment,South America,Home
CUST_J12EOA,0.75,7718.45,VIP Treatment,South America,Electronics
CUST_ER58D1,0.99,7715.25,VIP Treatment,South America,Electronics
CUST_M5C88S,0.79,7711.9,VIP Treatment,South America,Home
CUST_SYSB32,0.86,7704.64,VIP Treatment,South America,Sports
CUST_NBLAE0,0.87,7703.81,VIP Treatment,Asia,Electronics
CUST_VJHSF2,0.83,7697.18,VIP Treatment,Asia,Home
CUST_9DP74R,0.78,7697.03,VIP Treatment,South America,Electronics
CUST_0FFVBM,0.75,7689.04,VIP Treatment,Europe,Electronics
CUST_KGSHM8,0.89,7684.37,VIP Treatment,North America,Home
CUST_6WY725,0.8,7682.15,VIP Treatment,South America,Electronics
CUST_RFTN82,0.78,7678.98,VIP Treatment,North America,Home
CUST_RAC3EU,0.81,7678.35,VIP Treatment,Asia,Sports
CUST_TIOFAR,0.88,7677.65,VIP Treatment,North America,Home
CUST_BP19O0,0.98,7677.44,VIP Treatment,Asia,Electronics
CUST_IU29SL,0.86,7675.63,VIP Treatment,South America,Home
CUST_OF8NP8,0.96,7666.99,VIP Treatment,Asia,Home
CUST_U089M1,0.76,7665.24,VIP Treatment,South America,Clothing
CUST_RDOCAX,0.9,7663.16,VIP Treatment,South America,Sports
CUST_CP6841,0.86,7660.66,VIP Treatment,Europe,Home
CUST_XM3RDL,0.9,7655.06,VIP Treatment,Asia,Home
CUST_EJ5UKW,1.0,7652.55,VIP Treatment,South America,Electronics
CUST_WHRUBX,0.84,7652.38,VIP Treatment,North America,Clothing
CUST_KEABPV,0.84,7649.28,VIP Treatment,North America,Electronics
CUST_7CHHGN,0.78,7639.92,VIP Treatment,Asia,Electronics
CUST_HXNMZA,0.96,7632.98,VIP Treatment,North America,Sports
CUST_SIJSBV,0.85,7631.73,VIP Treatment,North America,Home
CUST_NBRC2I,0.9,7630.91,VIP Treatment,South America,Electronics
CUST_4629CW,0.92,7625.61,VIP Treatment,Europe,Electronics
CUST_2HGM1L,0.81,7620.32,VIP Treatment,South America,Home
CUST_TQEI7K,0.78,7618.49,VIP Treatment,South America,Clothing
CUST_HWHMEV,0.9,7605.44,VIP Treatment,Europe,Home
CUST_XEXNX2,0.85,7604.02,VIP Treatment,North America,Clothing
CUST_R0F9ZS,0.76,7602.81,VIP Treatment,North America,Home
CUST_TSH8EW,0.86,7586.89,VIP Treatment,Europe,Sports
CUST_D86JU9,0.96,7586.43,VIP Treatment,North America,Sports
CUST_3TJH5T,0.79,7586.21,VIP Treatment,South America,Home
CUST_JGUXWD,0.99,7583.51,VIP Treatment,South America,Clothing
CUST_2MCHA9,0.77,7577.54,VIP Treatment,Asia,Sports
CUST_74UXHR,0.97,7576.35,VIP Treatment,Asia,Clothing
CUST_AOVA36,0.84,7574.32,VIP Treatment,Europe,Electronics
CUST_C7P5YL,0.79,7574.12,VIP Treatment,Europe,Sports
CUST_8SXD3H,0.96,7572.66,VIP Treatment,North America,Home
CUST_SJ7J8M,0.79,7565.68,VIP Treatment,North America,Electronics
CUST_1HL085,0.78,7562.6,VIP Treatment,South America,Clothing
CUST_JNVROT,0.89,7562.56,VIP Treatment,Europe,Clothing
CUST_G3XAO2,0.98,7558.18,VIP Treatment,Asia,Home
CUST_LDCZK0,0.87,7548.99,VIP Treatment,Europe,Sports
CUST_C0YU8J,0.97,7546.49,VIP Treatment,North America,Home
CUST_35X2JU,0.8,7544.38,VIP Treatment,South America,Clothing
CUST_8D2HGU,0.83,7534.3,VIP Treatment,Europe,Clothing
CUST_9D2DDI,0.99,7530.3,VIP Treatment,Asia,Sports
CUST_42BJGZ,0.97,7527.99,VIP Treatment,Asia,Home
CUST_FQ2M74,0.91,7526.01,VIP Treatment,South America,Home
CUST_F2A0W4,0.75,7523.15,VIP Treatment,South America,Electronics
CUST_DUUUVJ,0.86,7521.31,VIP Treatment,Asia,Electronics
CUST_YLBYFS,0.78,7520.9,VIP Treatment,Europe,Electronics
CUST_UGIHNY,0.9,7513.71,VIP Treatment,Europe,Sports
CUST_K4ZSM7,0.8,7511.68,VIP Treatment,South America,Electronics
CUST_TZKLWO,0.98,7509.25,VIP Treatment,North America,Electronics
CUST_SX2P91,0.97,7508.36,VIP Treatment,North America,Sports
CUST_P1824P,0.8,7506.67,VIP Treatment,South America,Electronics
CUST_06T7TU,0.75,7504.84,VIP Treatment,Europe,Sports
CUST_EATCC6,0.84,7500.28,VIP Treatment,Asia,Sports
CUST_L4YQVP,0.84,7499.77,VIP Treatment,Europe,Home
CUST_4OPBIH,0.98,7499.01,VIP Treatment,South America,Home
CUST_OB7FPF,0.86,7496.64,VIP Treatment,North America,Clothing
CUST_AOA6Q8,0.86,7490.57,VIP Treatment,Asia,Clothing
CUST_ZKTDHO,0.94,7489.88,VIP Treatment,Asia,Home
CUST_8HO87T,0.95,7484.1,VIP Treatment,South America,Sports
CUST_407V69,0.83,7483.81,VIP Treatment,Asia,Sports
CUST_PWSO3E,0.89,7482.28,VIP Treatment,Asia,Home
CUST_UCHGR6,0.85,7481.44,VIP Treatment,South America,Electronics
CUST_Q41VUK,0.97,7480.44,VIP Treatment,South America,Home
CUST_JBYDM9,0.91,7475.5,VIP Treatment,South America,Electronics
CUST_IV40BS,0.86,7470.98,VIP Treatment,North America,Clothing
CUST_IAY8KM,0.84,7459.71,VIP Treatment,North America,Clothing
CUST_LSV4K6,0.78,7457.82,VIP Treatment,Europe,Sports
CUST_MRQH21,0.9,7455.66,VIP Treatment,Europe,Clothing
CUST_1LCCTC,0.77,7453.35,VIP Treatment,Europe,Electronics
CUST_M6EW3R,0.91,7452.58,VIP Treatment,Asia,Clothing
CUST_XES4HY,0.99,7451.96,VIP Treatment,Asia,Sports
CUST_0GO8H8,0.83,7446.46,VIP Treatment,Asia,Sports
CUST_TGFWQL,0.91,7444.62,VIP Treatment,South America,Sports
CUST_C43CC4,0.76,7442.6,VIP Treatment,Asia,Electronics
CUST_XHTJAR,0.83,7440.13,VIP Treatment,North America,Sports
CUST_SXPFGD,0.93,7436.84,VIP Treatment,Europe,Home
CUST_D7UCZD,0.79,7433.5,VIP Treatment,South America,Clothing
CUST_NDWRT2,0.84,7428.74,VIP Treatment,Asia,Home
CUST_KKFMTV,0.95,7423.46,VIP Treatment,Asia,Home
CUST_QU7BQG,0.83,7420.85,VIP Treatment,North America,Clothing
CUST_MQBAZI,0.92,7416.19,VIP Treatment,South America,Home
CUST_WFO3OH,0.83,7412.05,VIP Treatment,Asia,Electronics
CUST_HIHZMN,0.96,7403.76,VIP Treatment,South America,Sports
CUST_XP0ZJ4,0.82,7402.02,VIP Treatment,South America,Electronics
CUST_JVF6X9,0.82,7401.13,VIP Treatment,South America,Clothing
CUST_AO7V8X,0.98,7399.22,VIP Treatment,South America,Electronics
CUST_LHDRGM,0.93,7396.62,VIP Treatment,North America,Clothing
CUST_J1NKSW,0.91,7393.87,VIP Treatment,Asia,Home
CUST_VRMG6C,0.81,7392.65,VIP Treatment,Europe,Clothing
CUST_Q9OL7X,0.95,7390.76,VIP Treatment,Asia,Clothing
CUST_IB2XNZ,0.83,7390.58,VIP Treatment,North America,Clothing
CUST_DQNQ31,0.81,7390.5,VIP Treatment,Asia,Clothing
CUST_QC5EJV,0.83,7389.53,VIP Treatment,South America,Clothing
CUST_359VK9,0.78,7373.24,VIP Treatment,Asia,Sports
CUST_1FLK11,0.95,7369.82,VIP Treatment,South America,Electronics
CUST_016RQ8,0.98,7362.09,VIP Treatment,Europe,Home
CUST_MFAA3Q,0.96,7347.65,VIP Treatment,North America,Home
CUST_3XHZXH,0.9,7346.44,VIP Treatment,Asia,Home
CUST_IRE5UX,0.79,7345.31,VIP Treatment,South America,Electronics
CUST_2538LY,0.91,7338.08,VIP Treatment,South America,Sports
CUST_4AT9YP,0.82,7336.35,VIP Treatment,North America,Clothing
CUST_TBUVKK,0.98,7322.0,VIP Treatment,South America,Sports
CUST_DI8MAW,0.84,7318.59,VIP Treatment,Asia,Home
CUST_WQB3QG,0.89,7317.6,VIP Treatment,Europe,Home
CUST_WF5RXR,0.99,7316.0,VIP Treatment,North America,Electronics
CUST_EP8RQT,0.89,7314.24,VIP Treatment,Europe,Home
CUST_YUIKJ9,0.83,7310.83,VIP Treatment,South America,Electronics
CUST_IB59A1,0.87,7305.86,VIP Treatment,Europe,Electronics
CUST_98356S,0.87,7304.33,VIP Treatment,Asia,Home
CUST_80O76H,0.82,7303.4,VIP Treatment,Europe,Sports
CUST_C9N5FV,0.99,7303.03,VIP Treatment,Asia,Electronics
CUST_DT1JV7,0.79,7301.82,VIP Treatment,Asia,Sports
CUST_WV1Z23,0.87,7293.5,VIP Treatment,South America,Electronics
CUST_45VITK,0.8,7288.34,VIP Treatment,North America,Clothing
CUST_1FHOFR,0.88,7286.94,VIP Treatment,Europe,Sports
CUST_TW4F0U,0.95,7285.95,VIP Treatment,North America,Home
CUST_EMO4IB,0.91,7283.06,VIP Treatment,Asia,Sports
CUST_89XRLN,0.88,7269.94,VIP Treatment,Europe,Home
CUST_U42MFP,0.94,7261.4,VIP Treatment,South America,Electronics
CUST_YQEAYL,0.81,7258.96,VIP Treatment,South America,Sports
CUST_BGVWOS,0.89,7258.76,VIP Treatment,Europe,Home
CUST_GAUP8B,0.87,7256.84,VIP Treatment,South America,Clothing
CUST_LYPF3N,0.87,7253.62,VIP Treatment,North America,Home
CUST_8WU9I1,0.81,7248.23,VIP Treatment,South America,Home
CUST_MO1Q2E,0.9,7245.01,VIP Treatment,Asia,Clothing
CUST_CSFAPF,0.86,7244.95,VIP Treatment,Asia,Electronics
CUST_LKCQCT,0.83,7239.64,VIP Treatment,South America,Sports
CUST_ILRE8B,0.89,7238.86,VIP Treatment,South America,Electronics
CUST_RS8DRH,0.99,7238.63,VIP Treatment,Asia,Home
CUST_RMYGXZ,0.79,7238.04,VIP Treatment,Europe,Electronics
CUST_BWP6EV,0.81,7237.4,VIP Treatment,Asia,Clothing
CUST_WLQVJC,0.96,7236.25,VIP Treatment,South America,Home
CUST_5NU9R2,0.8,7232.17,VIP Treatment,Asia,Home
CUST_ZYJ13O,0.86,7231.13,VIP Treatment,South America,Home
CUST_O1YE2Q,0.9,7210.27,VIP Treatment,North America,Electronics
CUST_YMLVUH,0.91,7203.24,VIP Treatment,Asia,Sports
CUST_XRAI4W,0.87,7194.41,VIP Treatment,North America,Home
CUST_VV46J6,0.98,7192.17,VIP Treatment,North America,Electronics
CUST_7S1I7F,0.89,7191.3,VIP Treatment,Asia,Clothing
CUST_HT267O,0.95,7181.61,VIP Treatment,Asia,Home
CUST_QO9TMU,0.89,7172.2,VIP Treatment,Asia,Sports
CUST_929WCK,0.86,7160.7,VIP Treatment,South America,Electronics
CUST_5PMEQX,0.84,7159.15,VIP Treatment,South America,Home
CUST_RH5703,0.88,7154.23,VIP Treatment,Asia,Sports
CUST_65G017,0.93,7153.32,VIP Treatment,Europe,Home
CUST_BIN4TX,0.85,7148.04,VIP Treatment,Asia,Sports
CUST_SMACWR,0.93,7147.25,VIP Treatment,Asia,Clothing
CUST_3HUDDU,0.8,7140.09,VIP Treatment,North America,Clothing
CUST_2W9O0F,0.89,7139.62,VIP Treatment,South America,Electronics
CUST_Y31N16,0.87,7135.77,VIP Treatment,North America,Electronics
CUST_T6VEBE,0.79,7127.68,VIP Treatment,Europe,Electronics
CUST_E3LWZI,0.86,7124.75,VIP Treatment,South America,Clothing
CUST_3HFTWG,0.89,7123.29,VIP Treatment,South America,Home
CUST_JKCIO9,0.94,7122.41,VIP Treatment,North America,Electronics
CUST_NVPSD8,0.84,7115.31,VIP Treatment,North America,Home
CUST_9XMK30,0.87,7107.5,VIP Treatment,Europe,Home
CUST_ILC8J9,0.79,7103.57,VIP Treatment,Asia,Clothing
CUST_7Y4EPV,0.92,7096.59,VIP Treatment,Asia,Sports
CUST_6YRMWR,0.98,7088.6,VIP Treatment,Europe,Electronics
CUST_7SYF97,0.89,7083.69,VIP Treatment,Asia,Electronics
CUST_NDATNE,0.9,7077.17,VIP Treatment,South America,Sports
CUST_EJGM1M,0.98,7074.23,VIP Treatment,South America,Electronics
CUST_IMR891,0.83,7072.91,VIP Treatment,Europe,Electronics
CUST_BRVREI,1.0,7071.55,VIP Treatment,Asia,Clothing
CUST_V9YD1D,0.94,7065.15,VIP Treatment,South America,Clothing
CUST_752Q5P,0.85,7064.12,VIP Treatment,South America,Home
CUST_45BF2K,0.81,7057.8,VIP Treatment,Europe,Clothing
CUST_HBIN32,0.94,7056.74,VIP Treatment,Asia,Clothing
CUST_ZUYLLI,0.9,7048.35,VIP Treatment,Asia,Electronics
CUST_RIJSUI,0.93,7045.87,VIP Treatment,North America,Clothing
CUST_PWWIRY,0.84,7045.74,VIP Treatment,Asia,Electronics
CUST_P9K9F2,0.94,7031.07,VIP Treatment,Europe,Clothing
CUST_OSXE20,0.95,7015.63,VIP Treatment,South America,Clothing
CUST_L95X63,0.89,7005.97,VIP Treatment,South America,Electronics
CUST_D2VTMM,0.95,6999.54,VIP Treatment,South America,Home
CUST_VXUM8K,0.88,6998.74,VIP Treatment,North America,Electronics
CUST_LI6T8W,0.97,6997.28,VIP Treatment,Asia,Electronics
CUST_S76LW6,0.93,6991.91,VIP Treatment,Asia,Home
CUST_JMS847,0.9,6990.09,VIP Treatment,North America,Home
CUST_SY47RN,0.94,6986.43,VIP Treatment,South America,Electronics
CUST_N6E2GD,0.91,6985.54,VIP Treatment,South America,Electronics
CUST_KPC55X,1.0,6980.14,VIP Treatment,Europe,Home
CUST_HVZNU4,0.83,6977.41,VIP Treatment,North America,Home
CUST_XHOH17,1.0,6970.17,VIP Treatment,Asia,Sports
CUST_NOJKJH,0.97,6962.69,VIP Treatment,North America,Electronics
CUST_4HHULB,0.85,6955.86,VIP Treatment,North America,Home
CUST_MCA5HI,0.9,6954.76,VIP Treatment,Europe,Electronics
CUST_8G3O3S,0.92,6949.6,VIP Treatment,Asia,Home
CUST_KF0F0I,0.92,6949.25,VIP Treatment,North America,Electronics
CUST_DHXVZ9,0.9,6948.9,VIP Treatment,Asia,Sports
CUST_JYHBZ3,0.99,6948.5,VIP Treatment,Europe,Sports
CUST_S7N5P0,0.96,6944.46,VIP Treatment,South America,Home
CUST_SNNBL2,0.82,6939.62,VIP Treatment,North America,Electronics
CUST_75MUKG,0.87,6932.26,VIP Treatment,Europe,Home
CUST_UNF5SM,0.99,6931.47,VIP Treatment,South America,Clothing
CUST_6S61C0,0.94,6928.4,VIP Treatment,Asia,Sports
CUST_TEJFCH,0.99,6927.86,VIP Treatment,Asia,Electronics
CUST_I7IS9M,0.89,6916.6,VIP Treatment,Asia,Clothing
CUST_OSKTOO,0.93,6916.31,VIP Treatment,Europe,Sports
CUST_X2M2OU,0.89,6913.93,VIP Treatment,Asia,Electronics
CUST_T1W03N,0.97,6907.45,VIP Treatment,Europe,Electronics
CUST_SLDL9L,0.82,6905.15,VIP Treatment,Europe,Sports
CUST_Z99LP9,0.91,6902.04,VIP Treatment,Europe,Sports
CUST_0FDTYG,0.83,6898.37,VIP Treatment,North America,Home
CUST_D2Y9LW,0.87,6891.57,VIP Treatment,Asia,Electronics
CUST_AVS09V,0.83,6887.93,VIP Treatment,Europe,Electronics
CUST_W0QGRZ,0.9,6864.19,VIP Treatment,North America,Electronics
CUST_MLYU5V,0.99,6857.57,VIP Treatment,South America,Home
CUST_7875ZO,0.82,6849.01,VIP Treatment,North America,Electronics
CUST_JL84AN,0.9,6840.31,VIP Treatment,Asia,Electronics
CUST_B3J1CT,0.92,6833.99,VIP Treatment,North America,Home
CUST_5D1TYR,1.0,6829.83,VIP Treatment,North America,Home
CUST_G8GB3Y,0.95,6814.68,VIP Treatment,North America,Clothing
CUST_RMQZO4,0.95,6812.99,VIP Treatment,North America,Electronics
CUST_X0GMUX,0.83,6787.41,VIP Treatment,South America,Clothing
CUST_46AW8Y,0.87,6782.14,VIP Treatment,South America,Sports
CUST_RREUG6,0.96,6779.83,VIP Treatment,North America,Home
CUST_QPI9K8,0.88,6778.49,VIP Treatment,South America,Home
CUST_TFD9O6,0.84,6777.93,VIP Treatment,North America,Clothing
CUST_GS2NEN,0.98,6777.19,VIP Treatment,Europe,Home
CUST_AKFDY8,0.84,6776.1,VIP Treatment,North America,Home
CUST_Z5MDZT,0.87,6775.94,VIP Treatment,Asia,Sports
CUST_PASOCY,0.98,6775.42,VIP Treatment,Europe,Electronics
CUST_SKV6DL,0.86,6773.19,VIP Treatment,South America,Sports
CUST_EGCZS5,0.98,6756.35,VIP Treatment,Europe,Electronics
CUST_U5WI3J,0.98,6754.52,VIP Treatment,North America,Sports
CUST_627OED,0.86,6747.08,VIP Treatment,South America,Clothing
CUST_TFU3NC,0.94,6745.22,VIP Treatment,South America,Clothing
CUST_MYYAH6,0.84,6727.73,VIP Treatment,South America,Sports
CUST_BGNCT8,0.87,6710.4,VIP Treatment,Europe,Electronics
CUST_JM9JNA,0.86,6703.16,VIP Treatment,North America,Sports
CUST_BY0GMM,0.92,6700.23,VIP Treatment,Asia,Clothing
CUST_1ZX8I0,0.93,6698.74,VIP Treatment,South America,Sports
CUST_G2QS02,0.92,6686.41,Standard Communication,South America,Electronics
CUST_ANNSPO,0.92,6681.13,Standard Communication,South America,Electronics
CUST_H5F307,0.98,6674.48,Standard Communication,North America,Clothing
CUST_O9TV1H,0.84,6659.27,Standard Communication,South America,Sports
CUST_4SBR1A,0.89,6657.57,Standard Communication,North America,Clothing
CUST_Z1KF69,0.92,6657.2,Standard Communication,Europe,Clothing
CUST_JN3LTJ,0.94,6654.65,Standard Communication,North America,Clothing
CUST_YIPEPJ,0.85,6633.98,Standard Communication,Europe,Home
CUST_GHWGY3,0.87,6610.44,Standard Communication,South America,Home
CUST_USBFVD,0.84,6605.79,Re-engagement Campaign,Europe,Electronics
CUST_Z1G0ZO,0.93,6599.97,Standard Communication,North America,Electronics
CUST_PW2D77,0.97,6595.92,Standard Communication,North America,Home
CUST_H605W3,0.86,6589.81,Standard Communication,Europe,Electronics
CUST_USY5LQ,0.91,6576.84,Re-engagement Campaign,North America,Electronics
CUST_8EHNS3,0.95,6573.06,Standard Communication,Asia,Sports
CUST_HQ8BJ6,0.9,6549.0,Standard Communication,North America,Home
CUST_31ZQSS,0.95,6545.11,Standard Communication,Asia,Electronics
CUST_YSR30D,0.98,6533.68,Re-engagement Campaign,North America,Electronics
CUST_4XM4T8,0.97,6527.21,Standard Communication,South America,Sports
CUST_7VL97T,0.96,6526.48,Re-engagement Campaign,Europe,Electronics
CUST_5D6VPT,0.91,6524.11,Standard Communication,North America,Home
CUST_A7ISHD,0.94,6523.85,Standard Communication,North America,Electronics
CUST_R73TA0,0.92,6516.17,Standard Communication,Asia,Sports
CUST_M8BK27,0.89,6506.52,Standard Communication,South America,Electronics
CUST_YKCR53,0.97,6503.92,Standard Communication,North America,Clothing
CUST_R5KBEA,0.88,6495.99,Re-engagement Campaign,Europe,Sports
CUST_4YAIUC,0.95,6494.74,Standard Communication,Europe,Home
CUST_UT3HNX,0.92,6480.73,Re-engagement Campaign,South America,Home
CUST_IIHFSP,0.88,6450.21,Standard Communication,North America,Electronics
CUST_BVZN6A,0.99,6449.93,Standard Communication,South America,Clothing
CUST_8UFMY8,1.0,6436.6,Standard Communication,North America,Sports
CUST_TXPZQC,0.95,6432.59,Standard Communication,North America,Home
CUST_5V5L8M,0.89,6429.79,Re-engagement Campaign,Europe,Clothing
CUST_FWHC1T,0.89,6387.62,Standard Communication,Asia,Electronics
CUST_B81DJW,0.88,6385.28,Standard Communication,Europe,Electronics
CUST_QUGVSK,0.95,6363.04,Standard Communication,North America,Home
CUST_2WK67O,0.94,6357.66,Standard Communication,Europe,Clothing
CUST_8D7JES,0.93,6349.89,Standard Communication,North America,Clothing
CUST_512IID,0.96,6348.28,Standard Communication,South America,Home
CUST_V4UV84,0.91,6330.54,Standard Communication,Europe,Home
CUST_R5KG06,0.87,6321.44,Standard Communication,North America,Clothing
CUST_MRT105,0.95,6315.48,Standard Communication,Asia,Electronics
CUST_7SNOPD,0.96,6314.8,Standard Communication,South America,Home
CUST_9HEXVL,0.92,6308.23,Standard Communication,Asia,Home
CUST_TAAQ2S,0.87,6302.57,Standard Communication,North America,Sports
CUST_KCJ6HE,0.95,6302.53,Standard Communication,North America,Sports
CUST_GELGQV,0.97,6289.82,Standard Communication,North America,Home
CUST_P9RD8T,0.98,6287.33,Re-engagement Campaign,Asia,Electronics
CUST_S323SI,0.97,6267.38,Standard Communication,North America,Electronics
CUST_5U1AND,0.92,6258.52,Standard Communication,Europe,Electronics
CUST_BFHWLU,0.99,6255.28,Standard Communication,North America,Sports
CUST_NEK6ZY,0.98,6253.95,Standard Communication,South America,Home
CUST_FJBSP6,0.94,6253.68,Standard Communication,South America,Home
CUST_LXI35K,0.89,6252.22,Standard Communication,South America,Sports
CUST_9XINOJ,0.98,6249.35,Standard Communication,Europe,Clothing
CUST_XA2P2I,0.93,6220.49,Standard Communication,Europe,Home
CUST_X9SN67,0.92,6216.0,Standard Communication,South America,Home
CUST_NO5M5T,0.93,6186.34,Re-engagement Campaign,Europe,Home
CUST_EC89AI,0.93,6177.69,Standard Communication,Asia,Sports
CUST_9ZVDQD,0.97,6176.86,Standard Communication,South America,Sports
CUST_Q5HFB7,0.95,6175.69,Standard Communication,Europe,Sports
CUST_GL8CSV,0.91,6157.97,Re-engagement Campaign,South America,Home
CUST_YMW2M3,0.9,6155.99,Standard Communication,Asia,Electronics
CUST_9BQOLL,0.93,6151.82,Re-engagement Campaign,Europe,Home
CUST_CWLHD9,0.97,6143.25,Standard Communication,South America,Clothing
CUST_37ST5M,0.94,6143.17,Re-engagement Campaign,Europe,Electronics
CUST_TBS9AW,0.94,6107.27,Standard Communication,South America,Electronics
CUST_I1N1WD,1.0,6090.68,Standard Communication,Asia,Home
CUST_QL0L9V,0.96,6070.2,Re-engagement Campaign,Asia,Home
CUST_B54NL2,0.96,6063.39,Standard Communication,South America,Sports
CUST_AGC6HM,0.95,6052.76,Re-engagement Campaign,North America,Clothing
CUST_978VPW,0.96,6047.36,Standard Communication,Asia,Sports
CUST_0O4GJK,0.97,6044.55,Standard Communication,Asia,Clothing
CUST_L655PK,0.93,6036.96,Standard Communication,Europe,Clothing
CUST_TNH0GI,0.99,6031.65,Standard Communication,Europe,Home
CUST_DW8B61,0.95,6029.86,Standard Communication,South America,Clothing
CUST_A9XKYI,0.96,6025.84,Standard Communication,North America,Clothing
CUST_G21WKJ,0.98,6020.17,Standard Communication,Europe,Clothing
CUST_8YW8HW,0.91,6017.52,Standard Communication,Asia,Home
CUST_TREEWW,0.93,6013.66,Standard Communication,North America,Home
CUST_OOBXBS,0.96,6013.57,Standard Communication,Asia,Sports
CUST_SYUHSU,0.92,5985.85,Standard Communication,North America,Electronics
CUST_V6RCMT,0.93,5975.45,Standard Communication,Asia,Electronics
CUST_OS09Q0,1.0,5974.78,Standard Communication,South America,Clothing
CUST_8OJAW3,0.97,5972.76,Standard Communication,Europe,Clothing
CUST_W7V6A6,0.98,5959.27,Standard Communication,South America,Electronics
CUST_PQRHXV,0.93,5958.67,Standard Communication,Asia,Clothing
CUST_ZET3EB,0.96,5953.99,Standard Communication,North America,Home
CUST_AZCP6D,0.95,5953.76,Re-engagement Campaign,North America,Electronics
CUST_CPSXXS,0.93,5932.17,Re-engagement Campaign,South America,Sports
CUST_SD9WV5,0.99,5928.81,Standard Communication,South America,Home
CUST_VVTWXQ,0.93,5889.47,Standard Communication,North America,Electronics
CUST_70GE6M,0.98,5879.83,Re-engagement Campaign,Europe,Sports
CUST_S7SXML,0.93,5871.83,Re-engagement Campaign,Europe,Sports
CUST_E36X5D,0.99,5866.6,Re-engagement Campaign,Europe,Sports
CUST_VQLVIV,0.92,5854.63,Standard Communication,Europe,Home
CUST_036SQ0,0.99,5852.78,Re-engagement Campaign,Europe,Sports
CUST_SPBM6W,0.95,5851.7,Standard Communication,North America,Clothing
CUST_B3A9NS,0.94,5850.77,Standard Communication,North America,Home
CUST_V57R0W,0.97,5847.25,Standard Communication,South America,Clothing
CUST_2IN8TZ,0.92,5831.63,Standard Communication,South America,Clothing
CUST_3TK0ZW,0.93,5827.47,Standard Communication,North America,Electronics
CUST_125FMI,0.94,5825.71,Standard Communication,Europe,Clothing
CUST_BMUUU0,0.99,5806.96,Standard Communication,Europe,Electronics
CUST_QF5F39,0.95,5796.7,Standard Communication,South America,Home
CUST_L5L7FU,0.93,5790.89,Standard Communication,South America,Home
CUST_VLL66V,0.95,5788.04,Re-engagement Campaign,Europe,Clothing
CUST_S1POUI,0.94,5779.19,Re-engagement Campaign,South America,Electronics
CUST_AKCQNF,0.94,5764.46,Standard Communication,South America,Clothing
CUST_SZN6UJ,0.95,5734.85,Standard Communication,Europe,Electronics
CUST_M63KLC,0.98,5707.92,Standard Communication,South America,Home
CUST_XT5LBL,0.98,5668.56,Standard Communication,Europe,Clothing
CUST_GWSYW8,0.97,5666.55,Standard Communication,Asia,Electronics
CUST_DZBM1E,0.98,5656.44,Standard Communication,South America,Clothing
CUST_7VND0B,0.97,5644.69,Standard Communication,South America,Sports
CUST_2KLMD7,0.98,5633.69,Standard Communication,North America,Home
CUST_M35LCN,0.95,5630.88,Standard Communication,Europe,Sports
CUST_BUQKEA,0.98,5616.68,Standard Communication,South America,Home
CUST_GR0GUR,0.99,5604.93,Standard Communication,South America,Clothing
CUST_GYL9KK,0.99,5580.7,Standard Communication,Europe,Home
CUST_26SMRT,0.96,5546.64,Standard Communication,Europe,Home
CUST_LFHUX1,0.99,5539.05,Standard Communication,Asia,Clothing
CUST_VAESL6,0.98,5480.27,Standard Communication,South America,Electronics
CUST_DON9EN,0.96,5439.92,Re-engagement Campaign,Asia,Clothing
CUST_QJ4418,0.96,5429.9,Standard Communication,Asia,Sports
CUST_V52YC3,0.96,5418.7,Standard Communication,South America,Electronics
CUST_ZFIC51,0.99,5247.71,Standard Communication,North America,Home
CUST_0R8BLV,1.0,5232.99,Standard Communication,South America,Clothing
